Weight,HDon,HAcc,XlogP,TPSA,Polariz,Dipole,LogS,2DACorr_Ident_1,2DACorr_Ident_2,2DACorr_Ident_3,2DACorr_Ident_4,2DACorr_Ident_5,2DACorr_Ident_6,2DACorr_Ident_7,2DACorr_Ident_8,2DACorr_Ident_9,2DACorr_Ident_10,2DACorr_Ident_11,2DACorr_SigChg_1,2DACorr_SigChg_2,2DACorr_SigChg_3,2DACorr_SigChg_4,2DACorr_SigChg_5,2DACorr_SigChg_6,2DACorr_SigChg_7,2DACorr_SigChg_8,2DACorr_SigChg_9,2DACorr_SigChg_10,2DACorr_SigChg_11,2DACorr_PiChg_1,2DACorr_PiChg_2,2DACorr_PiChg_3,2DACorr_PiChg_4,2DACorr_PiChg_5,2DACorr_PiChg_6,2DACorr_PiChg_7,2DACorr_PiChg_8,2DACorr_PiChg_9,2DACorr_PiChg_10,2DACorr_PiChg_11,2DACorr_TotChg_1,2DACorr_TotChg_2,2DACorr_TotChg_3,2DACorr_TotChg_4,2DACorr_TotChg_5,2DACorr_TotChg_6,2DACorr_TotChg_7,2DACorr_TotChg_8,2DACorr_TotChg_9,2DACorr_TotChg_10,2DACorr_TotChg_11,2DACorr_SigEN_1,2DACorr_SigEN_2,2DACorr_SigEN_3,2DACorr_SigEN_4,2DACorr_SigEN_5,2DACorr_SigEN_6,2DACorr_SigEN_7,2DACorr_SigEN_8,2DACorr_SigEN_9,2DACorr_SigEN_10,2DACorr_SigEN_11,2DACorr_PiEN_1,2DACorr_PiEN_2,2DACorr_PiEN_3,2DACorr_PiEN_4,2DACorr_PiEN_5,2DACorr_PiEN_6,2DACorr_PiEN_7,2DACorr_PiEN_8,2DACorr_PiEN_9,2DACorr_PiEN_10,2DACorr_PiEN_11,2DACorr_LpEN_1,2DACorr_LpEN_2,2DACorr_LpEN_3,2DACorr_LpEN_4,2DACorr_LpEN_5,2DACorr_LpEN_6,2DACorr_LpEN_7,2DACorr_LpEN_8,2DACorr_LpEN_9,2DACorr_LpEN_10,2DACorr_LpEN_11,2DACorr_Polariz_1,2DACorr_Polariz_2,2DACorr_Polariz_3,2DACorr_Polariz_4,2DACorr_Polariz_5,2DACorr_Polariz_6,2DACorr_Polariz_7,2DACorr_Polariz_8,2DACorr_Polariz_9,2DACorr_Polariz_10,2DACorr_Polariz_11,CTAB_NAME,Name_of_compounds,@recordNo
197.188,5,5,-1.7565,103.78,19.287,3.10415,0.161304,14,14,19,18,12,11,9,6,2,0,0,0.727796,-0.261555,-0.152447,0.38739,0.0745744,0.0207284,-0.0887945,0.176392,0.24035,0,0,0.0418058,-0.0109986,-0.00841248,-0.0019441,-0.00329102,0.00115818,0.00633875,0.000114517,-0.00386809,0,0,0.823451,-0.352025,-0.141743,0.404672,0.0788141,0.0657286,-0.104326,0.141185,0.256504,0,0,1325.36,1276.31,1670.23,1534.85,1029.71,1031.05,931,678.909,240.545,0,0,427.473,353.52,391.38,342.597,243.108,254.272,264.538,235.984,98.6193,0,0,72.0337,0,17.0264,30.1666,0,0,6.40002,41.0648,34.6644,0,0,722.153,803.142,1031.32,922.963,619.653,487.549,337.357,175.315,44.543,0,0,1325,L-DOPA,@1
394.434,4,6,0.257778,115.06,38.458,4.36458,-2.13727,28,31,53,70,64,50,37,29,20,13,7,0.938591,-0.233155,-0.403647,0.322566,0.305601,0.0599746,0.203501,0.339793,0.168476,-0.0840778,0.138162,0.0333932,-0.0136092,0.0123743,-0.0154618,1.11117e-15,2.8257e-17,-4.29256e-16,0.00712144,-0.00913792,0.00518146,-0.0114349,1.10849,-0.300365,-0.42159,0.283845,0.301655,0.0343726,0.225787,0.335087,0.177158,-0.152818,0.171346,2385.33,2484.22,4152.24,5482.76,5011.5,4050.59,3198.36,2527.71,1792.92,1267.83,792.885,432.059,241.965,275.881,331.033,128.414,104.018,152.647,235.195,268.077,219.718,203.628,95.3267,0,0,54.4066,25.621,22.0936,69.5343,41.7994,14.0148,0,25.1293,2425.38,3118.87,5228.5,6165.09,5233.18,3881.31,2727.11,1933.29,1198.67,657.653,282.078,1324,Triamcinolone,@2
232.235,2,5,1.32702,75.27,23.882,0.688057,-2.58942,17,18,26,31,29,18,10,3,1,0,0,0.530611,-0.347611,0.29039,-0.484682,0.377081,0.0569717,0.0681709,0.0115799,0.0147627,0,0,0.259028,0.00569389,-0.110635,-0.105555,0.0799522,0.00250056,-0.000843735,-8.41803e-05,-0.000542605,0,0,1.1478,-0.476791,0.270199,-1.06055,0.723338,0.0475025,0.103158,0.0397581,0.0314532,0,0,1734.09,1727.56,2493.63,3073.4,2928.67,1636.69,965.307,322.977,113.032,0,0,549.642,480.21,579.328,756.449,742.574,486.356,302.615,114.481,38.5554,0,0,86.2634,0,91.5425,0,61.4362,0,0,0,0,0,0,1156.83,1372.6,1977.23,2131.78,1655.6,987.58,465.445,123.346,33.1242,0,0,1330,Phenobarbitol,@3
809.572,10,24,-5.43554,363.63,67.67,3.81061,-0.595565,51,53,79,77,81,81,75,82,80,68,67,3.68934,-3.09592,2.1494,-0.824371,0.643332,0.226333,0.229368,0.109697,0.498605,0.555309,-0.252416,0.67645,-0.166811,-0.147882,-0.00693375,0.0151417,0.0450227,-0.0078648,-0.158445,0.119762,-0.0201166,-0.163384,5.75248,-4.68063,3.05084,-1.47776,0.739648,0.316651,0.234985,-0.613249,1.07002,0.581626,-1.0199,5576.09,5727.31,8240.23,7819.33,8455.08,8452.75,8246.7,9221.45,9053.24,7702.66,7391.38,1489.98,1277.19,1574.01,971.167,1116.84,994.077,1390.96,1790.87,2142.01,1965.31,1750.04,363.005,0,400.13,128.081,253.686,234.81,248.135,309.258,303.606,289.083,216.893,3034.11,3511.32,4925.1,4798.16,4768.61,4608.52,4281.65,4311.62,4082.53,3624.46,3549.44,1319,"Acetyl CoA",@4
192.211,0,3,2.96632,27.69,20.554,2.12909,-2.91376,14,15,20,19,17,11,6,3,0,0,0,0.497726,-0.254116,0.000721696,0.102057,0.0503357,0.0125356,0.0651566,0.00969961,0,0,0,0.00739414,-0.000589371,0.000110665,-0.00165383,-0.00156249,2.69203e-05,-6.25637e-06,-2.27011e-05,0,0,0,0.425429,-0.229497,0.0274295,0.0959794,0.056497,0.00765899,0.0581708,0.00630002,0,0,0,1211.42,1328.83,1787.82,1639.07,1431.92,882.619,477.02,227.936,0,0,0,376.748,321.036,474.273,445.169,275.177,167.876,142.914,37.9763,0,0,0,61.9481,0,21.6751,20.0994,20.0558,0,0,0,0,0,0,812.818,933.972,1266.31,1150.11,896.646,503.321,241.966,95.2562,0,0,0,1335,Myristicin,@7
292.284,1,6,-0.433525,85.36,26.957,4.61679,-0.888067,21,25,43,52,45,27,13,5,0,0,0,0.860078,-0.396678,-0.0609473,-0.0575408,-0.0195169,0.389031,-0.0978787,0.1374,0,0,0,0.0760186,-0.0234588,-0.0145505,0.0036404,0.00770991,-0.000844449,-0.0360024,0.0254966,0,0,0,1.15728,-0.579901,0.022841,-0.12219,-0.130211,0.536879,-0.249039,0.266888,0,0,0,1967.35,2228.69,3732.98,4556.98,4156.43,2565.81,1192.71,531.923,0,0,0,413.261,232.208,143.516,210.34,381.614,383.135,250.896,138.311,0,0,0,102.878,0,36.2287,58.9652,58.1626,68.5691,15.4161,14.0498,0,0,0,1634.1,2201.37,3743.32,4044.26,3070.47,1535.61,681.545,181.325,0,0,0,1334,picrotoxinin,@8
200.261,0,2,2.10507,25.78,22.299,3.02894,-2.82906,14,15,19,14,10,10,10,8,4,1,0,0.166752,-0.08401,0.0211633,0.0419572,0.00346268,-0.0379523,0.0623464,0.00255626,0.00316903,-0.000399204,0,0.0540913,-0.0177065,-0.00568171,-0.00255426,-0.000997941,-0.00904564,0.0265193,-0.024466,0.00688709,-1.10126e-16,0,0.352151,-0.192882,0.0462567,0.0429836,0.000771557,-0.0653833,0.154188,-0.0806346,0.0152601,-0.000966457,0,1233.92,1337.78,1688.04,1233.6,900.789,874.938,865.684,675.178,322.108,71.3143,0,456.912,458.402,560.805,402.221,291.205,308.473,306.53,187.425,47.8831,0,0,40.8497,0,10.0238,0,0,0,2.90946,10.1677,0,0,0,893.761,987.684,1232.7,889.057,658.465,650.759,617.678,448.973,202.923,42.7697,0,2075,"3-[(2-Methyl-1,3-thiazol-4-yl)ethynyl]pyridine",@9
230.259,0,3,2.75726,35.53,25.86,4.8576,-3.22086,17,18,23,21,17,15,13,13,10,5,1,0.461191,-0.233634,0.131983,-0.199365,0.257581,0.00989596,0.000567067,0.0356206,0.0417676,0.0286558,-0.00348096,0.0786667,-0.0269856,0.0118789,-0.0154632,-0.00844138,-0.000813424,0.000687256,0.000139167,-3.30014e-05,-0.000301997,1.58609e-18,0.639959,-0.420522,0.357817,-0.357728,0.285329,0.00159719,-0.0183874,0.0347301,0.05843,0.0423505,-0.00340926,1492.48,1544.31,1950.54,1788.04,1505.04,1266.5,1094.59,1129.07,861.804,412.704,70.3361,512.963,452.686,520.873,471.367,413.338,290.213,331.488,401.956,290.448,108.833,0,52.9091,0,15.3147,0,35.5091,0,0,0,0,0,0,1054.22,1171.66,1473.14,1325.95,1018.92,903.412,801.964,712.592,474.828,206.538,35.4939,1332,"D,L Kavain",@10
380.908,0,1,3.04164,12.53,30.937,3.57533,-4.18446,19,23,41,46,34,21,6,0,0,0,0,0.326765,-0.0314271,-0.124462,-0.0876539,0.0310666,-0.043238,0.151203,0,0,0,0,0.00127909,-0.000319772,-0.000639545,0.000319772,5.7047e-17,1.29077e-16,-7.92888e-17,0,0,0,0,0.312303,-0.033022,-0.120177,-0.0688082,0.0169738,-0.0332634,0.141016,0,0,0,0,1705.33,1915.36,3489.94,4228.7,3074.41,1816.56,548.68,0,0,0,0,250.169,95.3644,146.227,364.482,208.462,83.2587,89.1909,0,0,0,0,176.255,0,26.3709,184.785,189.047,39.7253,84.1023,0,0,0,0,2397.57,3276.55,5810.24,5579.52,3521.63,1742.51,371.454,0,0,0,0,1331,Dieldrin,@11
151.166,4,4,0.778679,67.15,16.786,4.3537,-1.87274,11,11,13,10,7,7,5,2,0,0,0,0.340109,-0.172466,0.120621,0.182555,-0.00891807,0.0201002,0.0441628,0.0316713,0,0,0,0.217681,0.0169139,-0.074357,-0.0616692,-0.0204983,0.0230188,-0.00599873,0.0137502,0,0,0,0.620755,-0.31776,0.14713,0.103934,-0.106605,0.114546,0.0479485,0.0882094,0,0,0,1022.78,991.803,1136.55,859.193,646.641,656.964,471.166,186.88,0,0,0,325.05,330.658,369.493,286.706,211.208,204.483,146.797,52.3316,0,0,0,74.0906,27.3973,39.2236,28.9542,0,0,0,0,0,0,0,549.313,582.038,672.831,527.962,336.971,283.13,176.256,63.6146,0,0,0,1333,1-phenylsemicarbazide,@12
266.298,1,5,2.46838,58.12,30.431,1.35045,-3.69645,20,23,31,39,39,35,18,5,0,0,0,0.418103,-0.234923,0.138612,-0.104269,0.196236,0.0655601,0.0879589,-0.000447706,0,0,0,0.16379,-0.0348344,-0.0339481,-0.0231017,-0.00660756,0.0131279,0.00511805,-0.00164902,0,0,0,0.764038,-0.405689,0.245369,-0.442416,0.361213,0.0645706,0.159006,-0.00629347,0,0,0,1759.41,1995.57,2787.34,3509.23,3429.83,2849.85,1367.19,358.315,0,0,0,590.813,636.672,871.468,993.914,836.25,611.427,292.419,92.6745,0,0,0,63.83,0,31.0678,32.5799,30.6214,4.87631,0,0,0,0,0,1813.11,2235.45,3139.97,3819.56,3326.4,2581.96,1120.45,302.137,0,0,0,2101,Nevirapine,@13
211.218,3,6,-1.39406,88.15,20.797,8.06703,-0.379712,15,16,22,20,17,12,9,6,2,1,0,0.6538,-0.39956,0.311965,-0.206058,0.271792,-0.0100213,-0.0431655,0.154793,-0.0685451,0.119197,0,0.383987,-0.0578032,-0.0352548,-0.121178,0.0222429,8.29414e-16,7.78029e-16,-3.57158e-16,-5.85199e-17,1.7988e-17,0,1.27304,-0.776324,0.667308,-0.751849,0.662066,-0.177658,-0.228299,0.470059,-0.122388,0.077861,0,1424.86,1489.7,2035.52,1895.86,1601.48,1083.04,805.327,544.519,168.907,81.7884,0,320.918,308.096,387.946,318.051,137.273,46.3463,58.673,55.826,23.0348,13.0282,0,84.0914,0,47.7353,11.8449,41.7071,20.746,14.4793,9.1332,0,13.0282,0,798.856,920.908,1251.1,1075.57,848.614,597.77,386.73,213.743,66.3759,23.5716,0,2102,Zalcitabine,@14
567.784,4,7,5.94518,101.9,63.997,7.03637,-7.36901,40,43,61,63,61,62,68,71,71,68,66,0.877983,-0.336193,0.0197798,0.458125,-0.10817,0.250883,0.278314,0.21936,0.2814,0.282025,0.066897,0.131254,-0.0235621,-0.0396835,0.00272799,0.00167719,-0.00770694,0.00590796,0.00634221,-0.0354998,0.0227684,0.00449403,1.18747,-0.508221,0.0176759,0.43449,-0.225752,0.329739,0.364039,0.21119,0.101171,0.428307,0.0946206,3146.39,3302.73,4624.98,4953.28,4984.42,4919.15,5225.07,5514.4,5527.64,5267.59,5076.19,702.138,633.214,721.933,593.481,387.698,404.044,428.095,611.556,809.253,792.764,735.006,109.118,0,24.6958,52.2057,23.9608,63.7618,28.9429,28.7784,71.8798,28.9755,0,3232.07,3751.13,5155.36,5377.4,5142.77,5335.05,5672.75,5701.75,5548.25,5288.53,4803.85,2100,"Nelfinavir mesylate",@15
212.227,2,5,0.491465,86.19,20.526,5.77165,-2.03678,14,15,22,17,15,12,7,3,0,0,0,0.382867,-0.141576,0.0316676,-0.0767747,-0.0140406,0.124442,0.0382267,0.0375052,0,0,0,0.317619,-0.206323,0.0543905,-0.0737594,0.134653,-0.0801039,0.0165176,-0.00418478,0,0,0,1.00113,-0.654922,0.283105,-0.256614,0.184045,-0.00139431,0.0846473,0.051451,0,0,0,1594.14,1619.88,2349.34,1720.9,1720.55,1460.79,741.071,313.377,0,0,0,589.185,535.846,555.875,547.605,553.736,395.627,278.63,105.205,0,0,0,257.728,156.229,35.5683,41.8238,110.619,60.6271,0,0,0,0,0,944.383,1084.18,1525.96,1196.13,957.266,694.306,370.892,144.091,0,0,0,1268,Zonisamide,@16
273.351,2,3,0.608352,60.16,30.799,7.13107,-2.29905,19,20,26,26,28,28,24,14,5,0,0,0.319345,-0.0757945,0.0126855,-0.0581003,0.110162,0.0430339,0.119498,0.122617,0.0709423,0,0,0.133316,-0.0452124,-0.00342302,-0.0368724,0.0183486,0.00135493,-0.00064738,7.22092e-05,-0.000278363,0,0,0.653838,-0.214435,0.0358918,-0.288945,0.23943,0.0534655,0.136525,0.13423,0.0816338,0,0,1662.17,1649.79,2124.39,2204.32,2486.61,2351.4,2017.28,1187.09,435.254,0,0,639.083,524.709,595.689,759.265,797.316,871.297,752.152,463.082,163.63,0,0,121.193,31.9497,12.219,64.531,24.6513,0,0,0,0,0,0,1593.21,1827.31,2429.33,2491.74,2366.47,2051,1438.74,692.542,210.907,0,0,686,Modafinil,@17
613.79,4,9,2.9359,118.03,69.464,5.13339,-5.56482,45,49,69,68,69,74,75,76,79,76,73,0.988654,-0.333379,0.0058273,0.422599,0.0206161,0.144274,0.625249,-0.00841982,0.133871,0.699201,0.157002,0.148785,-0.0330287,-0.037993,-0.00377229,0.000314816,0.000356576,0.00787149,-0.0091645,-0.005237,0.00596129,-0.000321905,1.39923,-0.537754,-0.00122718,0.321532,-0.00416938,0.16629,0.730392,-0.0212139,0.0324238,0.776149,0.201934,3538.36,3755.13,5208.22,5317.73,5563.43,5924.15,5798.9,5871.09,6146.73,5860.03,5543.37,874.324,758.194,709.418,532.24,426.185,599.351,601.982,624.032,814.456,844.112,650.007,83.1734,0,25.1565,35.1085,15.2198,33.5735,41.8669,3.01077,23.0167,69.5749,5.58809,3405.62,3969.43,5481.12,5491.57,5392.63,5652.43,5761.1,5766.85,5772.66,5516.19,5205.79,2096,"Indinavir sulphate",@19
315.675,1,3,4.64046,38.33,26.861,3.79196,-5.15523,21,23,33,37,38,38,26,11,4,0,0,0.726367,-0.469079,0.124032,0.184405,-0.49088,0.271446,0.0607907,0.110619,0.0286511,0,0,0.127529,-0.00715902,-0.0578875,-0.0221132,0.0227026,-0.00555161,0.0100754,-0.00383109,2.24677e-18,0,0,0.96665,-0.601647,0.181066,0.138711,-0.559073,0.335654,0.0119568,0.166962,0.0262143,0,0,2238.72,2333,3498.37,3902.58,4156.38,4040.9,2472.15,895.106,279.112,0,0,530.163,405.383,646.52,844.319,882.216,772.963,321.483,42.5358,0,0,0,166.344,0,131.805,78.6099,0,175.587,81.0568,14.8647,0,0,0,1384.31,1686.63,2394.38,2583.36,2285.43,1917.18,1169.5,546.586,189.759,0,0,2097,Efavirenz,@20
152.233,0,1,2.44972,17.07,17.662,2.85658,-2.12754,11,12,17,15,7,4,0,0,0,0,0,0.132018,-0.0151685,-0.0353685,0.0620197,0.0140737,0.0387465,0,0,0,0,0,0.00934004,-0.00467002,-2.75503e-16,2.22157e-16,-2.5369e-17,1.41308e-16,0,0,0,0,0,0.19969,-0.0449646,-0.0528156,0.0674437,0.01417,0.0466333,0,0,0,0,0,799.371,815.917,1145.09,1015.75,529.816,308.482,0,0,0,0,0,124.922,57.64,0,0,0,0,0,0,0,0,0,18.4177,0,0,0,0,0,0,0,0,0,0,665.495,820.602,1087.38,807.325,341.994,140.23,0,0,0,0,0,1311,Thujone,@21
720.946,4,11,3.90197,145.78,78.745,1.27371,-7.03386,50,53,71,69,72,80,85,87,94,93,90,1.23742,-0.79093,0.467976,0.313513,-0.368783,0.733988,0.00954466,0.401123,0.101804,0.318929,0.483541,0.377975,-0.0611201,-0.119615,-0.010307,-0.0318654,0.0717265,-0.00371315,-0.0441708,-0.0147492,0.0598854,-0.02412,2.13823,-1.28905,0.594347,0.224058,-0.835469,1.09069,0.00673187,0.403106,-0.106616,0.533581,0.545176,4309.68,4472.23,5905.63,5768.65,6255.22,7028.94,7210.79,7228.01,7834.72,7863.53,7402.5,1121.83,959.48,943.345,521.212,763.975,1004.13,944.549,1007.36,1330.7,1516.98,1418.94,201.481,0,113.264,79.7225,46.2487,139.857,58.9876,57.7162,49.0901,92.0394,82.7868,3691.9,4186.07,5484.83,5346.86,5528.63,5970.18,6286.1,6494.67,6779.2,6559.4,6183.45,2099,Ritonavir,@22
224.213,2,6,-0.743425,78.87,21.592,6.10475,-0.898645,16,17,24,23,19,15,11,7,3,1,0,0.672727,-0.461831,0.345992,-0.20096,0.259675,-0.0320946,-0.0414929,0.170374,-0.0999283,0.1001,0,0.292707,0.00133265,-0.108123,-0.102736,0.0635882,-0.000558317,0.00061669,-0.000474206,4.82e-17,-3.40935e-16,0,1.21999,-0.595813,0.35115,-0.71725,0.629722,-0.171546,-0.0382627,0.255038,-0.153694,0.20686,0,1613.57,1643.66,2299.52,2287.41,1912.83,1409.69,1049.96,702.792,295.207,127.49,0,395.695,329.757,455.039,471.077,369.315,172.417,144.326,94.5037,20.7019,22.9981,0,99.1046,0,92.6365,12.0879,48.7268,19.1,9.11506,25.2346,0,8.04955,0,885.675,1031.62,1429,1276.75,1003.84,756.443,487.612,248.881,88.8839,20.2402,0,2098,Stavudine,@23
358.843,0,4,3.94133,59.92,39.84,5.43013,-5.67887,24,26,38,38,34,32,29,25,21,18,8,0.300929,-0.117478,-0.0346397,0.048311,0.111344,0.0135053,0.01547,0.00902156,0.0127449,-0.0138159,0.118484,0.340766,-0.226902,0.0708707,-0.0222291,0.0184286,-0.0147121,0.0307014,-0.0888373,0.127943,-0.119309,0.0779367,1.12056,-0.637029,0.055092,-0.0172093,0.239943,-0.0208336,0.0510234,-0.184949,0.229254,-0.301037,0.402075,2255.26,2344.86,3422.12,3262.01,2926.82,2718.85,2521.25,2325.24,2138.04,1908.37,861.954,972.628,1011,1270.84,1323.51,1176.59,1119.77,1016.17,893.267,781.398,573.731,283.492,231.901,89.0487,11.3842,9.33968,2.97525,0,0,32.1213,82.8126,59.0231,11.5853,2420.84,2849.22,4050.24,4133.13,3621.97,3251.67,2736.78,2193.43,1674.74,1190.26,512.584,1789,ETORICOXIB,@24
381.373,2,5,3.83203,77.46,37.698,2.84903,-5.81179,26,28,43,41,38,35,37,34,25,20,17,0.609269,-0.304094,-0.0225334,0.116302,0.15854,-0.219277,0.158884,0.197442,-0.0469581,-0.347337,0.372695,0.461256,-0.270504,0.0339259,-0.0134728,0.0242498,0.138651,-0.225362,0.0314029,0.0542603,-0.00607417,0.00831736,1.39909,-0.978082,0.0832972,0.33466,0.166906,-0.164833,-0.234842,0.423931,0.168772,-0.782398,0.643255,2728.89,2820.77,4358.3,3871.49,3634.14,3282.66,3558.43,3423.45,2613.9,2271.1,2229.23,915.207,891.611,1261.71,1223.56,1089.3,952.132,1018.11,1043.75,738.597,599.451,558.527,317.615,146.56,111.107,28.6186,53.7557,48.8391,61.8944,19.109,0,209.504,153.971,2252.21,2679.26,3886.65,3793.58,3471.76,3055.88,2754.7,2314.12,1711.29,1148.4,775.679,1788,CELECOXIB,@25
370.423,1,6,3.62527,89.27,40.469,4.83022,-5.46954,26,28,40,41,41,37,29,24,23,18,19,0.492272,-0.233672,0.0650117,-0.114943,0.144521,0.12832,0.0693671,-0.230678,0.256738,-0.13507,0.119406,0.432899,-0.205049,0.0381031,-0.152525,0.10633,-0.0316753,0.0512487,-0.0267103,0.0211591,-0.0145544,0.00224287,1.36953,-0.80724,0.334783,-0.56664,0.434493,0.119434,0.283751,-0.578644,0.429509,-0.277214,0.210495,2611.36,2710.37,3913.98,3903.41,3997.57,3272.37,2529.74,2350.73,2586.84,1885.32,1965.19,962.438,1000.82,1293.41,1332.31,1192.72,932.466,801.242,771.438,700.13,600.377,492.917,294.327,179.017,59.2239,42.8986,21.6051,0,0,126.133,106.178,0,28.2807,2291.08,2696.54,3829.26,3831.19,3582.84,3129.13,2489.54,2046.89,1794.64,1346.8,1172.13,1790,PARECOXIB,@26
351.403,2,7,1.95708,99.6,35.311,2.81801,-4.34251,23,25,38,41,39,32,24,22,17,10,4,0.660859,-0.366548,0.170383,-0.12062,-0.0857635,0.331737,-0.0147278,0.136598,-0.00172057,0.0226192,-0.000993011,0.48751,-0.190216,-0.0517372,0.0821556,-0.0668678,-0.00745561,-0.0957767,0.0574768,0.0329153,-0.00310686,-0.00114199,1.64083,-0.993015,0.325609,-0.0559832,-0.575071,0.771471,-0.338053,0.369839,0.0295538,0.0441599,0.00291526,2427.91,2550.65,3931,4282.45,4177.68,3441.36,2382.13,2235.23,1611.86,833.098,279.485,897.786,933.261,1203.09,1338.15,1394.07,1078.6,688.213,657.849,413.608,168.09,60.7369,332.106,154.396,115.14,54.4993,243.273,121.565,123.967,51.1812,0,0,0,2160.18,2605.38,3868.82,3984.38,3404.81,2674.36,2058.44,1816.84,1320.19,712.007,263.672,1786,Meloxicam,@27
255.269,1,4,2.11796,59.3,28.391,2.6874,-3.04757,19,21,30,29,26,21,16,13,8,5,2,0.540985,-0.22559,-0.0684695,-0.00835233,0.282213,0.0593871,-0.18617,0.118495,0.0246325,0.0562746,0.0368433,0.155222,-0.0311521,-0.017736,-0.0267222,-0.0103576,0.011789,-0.0201307,0.0196343,-0.00271049,0.0012624,-0.00148786,0.71431,-0.338238,0.0023214,-0.0310182,0.182101,0.149242,-0.337489,0.271409,0.00461501,0.0664338,0.0332232,1756.63,1841.73,2608.09,2594.84,2418.15,1843.63,1366.55,1215.07,727.635,491.309,197.859,574.544,518.601,636.454,634.939,618.449,486.813,347.259,344.38,246.844,207.541,86.7015,57.8935,0,16.9839,11.5918,27.4662,0,0,28.9707,0,0,0,1499.93,1799.7,2578.77,2317.01,1931.45,1561.64,1155.2,785.856,415.509,200.571,68.6843,1785,Ketorolac,@28
230.259,1,3,2.82934,46.53,26.404,3.32894,-3.00831,17,18,25,26,20,16,12,8,5,4,2,0.452814,-0.211391,0.0541266,0.0508644,0.063093,0.0581808,0.0408244,0.0254457,-0.14141,0.248424,-0.0362532,0.0418168,-0.0123331,-0.00846466,0.000681733,-0.0020151,0.00220452,-0.00674646,0.00853115,0.00129346,-0.00405995,1.43929e-16,0.577545,-0.321317,0.09724,0.0500477,0.062665,0.0600222,0.0228546,0.090482,-0.198442,0.268582,-0.0425945,1472.8,1512.95,2026.44,2047.01,1633.95,1345.91,1046.17,755.275,499.016,405.668,204.154,512.717,478.624,597.3,603.1,503.164,378.702,277.551,201.07,131.431,99.9156,0,53.1391,0,16.9559,0,0,0,0,0,0,35.618,0,1313.57,1531.46,2118.61,2069.86,1479.43,1082.64,706.905,413.986,225.956,132.932,47.3585,1787,Naproxen,@29
661.786,5,9,1.88645,121.65,70.577,3.80813,-5.75053,49,61,99,131,141,129,114,92,85,85,79,1.34163,-0.317392,-0.37647,0.846246,-0.119864,0.0949942,0.713176,0.452533,0.349384,0.208007,0.181186,0.11105,-0.00729359,-0.0488255,0.0148692,-0.0212629,0.00369953,0.00541122,-0.00285462,3.22282e-05,0.000809061,-5.54367e-05,1.14828,-0.259704,-0.288156,0.718898,0.221363,0.0971704,0.352769,0.614129,0.359789,0.0980028,0.203296,3689.02,4582.77,7570.65,9911.59,10713.8,9709.06,8603.34,7036.53,6428.46,6431.52,5872.38,676.333,618.353,831.216,876.775,812.428,809.132,679.886,573.285,375.668,590.637,659.719,113.676,0,0,78.3947,29.5077,37.6343,87.1019,55.0014,26.865,40.1209,27.7615,5623.67,7518.59,12657.7,16011.6,16457.9,14309.5,12248.1,10457.6,9596.91,9230.23,7890.48,1854,nor-BNI,@30
296.403,2,2,4.19224,40.46,33.972,2.48747,-4.39329,22,25,40,46,36,26,20,16,11,7,3,0.353564,-0.0786001,0.0225182,0.170247,0.0885729,0.0515696,0.0517486,0.0685773,0.0539958,-0.0599922,0.160676,0.00389966,-0.000976114,-9.66508e-05,-0.000278533,-0.00059853,2.42224e-16,0.000113115,-0.000190314,0.000464791,-0.000552948,-9.28003e-05,0.335482,-0.0891433,0.0503417,0.162873,0.0943539,0.0512874,0.0572645,0.058411,0.0774778,-0.0631294,0.145229,1565.97,1753.46,2745.29,3093.84,2404.79,1790.4,1438.66,1200.93,882.101,593.081,284.119,301.583,253.685,273.569,185.095,35.5306,0,48.9204,132.064,160.026,112.709,91.0956,29.0127,0,0,0,0,0,0,0,0,0,14.2247,1955.03,2443.55,3857.95,4093.96,3130.18,2218.68,1589.12,1136.13,678.037,351.096,118.611,2022,"17alpha ethynyl estradiol",@31
465.628,4,6,3.77505,84.83,53.445,3.72428,-5.34246,34,37,54,58,51,50,44,39,39,37,35,0.740515,-0.220123,0.0230229,0.383922,-0.047285,0.321641,0.154131,0.0165456,0.285592,0.00624677,0.144432,0.0724074,-0.012433,-0.0220343,-0.00224436,0.00106776,-0.0059767,0.00798528,0.00159609,-0.00792213,-0.00201777,0.0127269,0.871983,-0.318685,0.0331821,0.36357,-0.0910411,0.394383,0.191187,-0.043744,0.306428,0.0284107,0.130479,2565.05,2746.62,3924.04,4210.38,3803.57,3727.91,3238.42,2842.34,2829.05,2662.32,2587.11,579.86,522.371,561.769,411.376,249.038,254.933,187.833,163.71,177.445,179.656,226.987,66.5068,0,12.5582,18.7958,0,12.0455,2.78597,6.9855,29.8508,0,17.1192,2692.66,3172.35,4515.5,4707.54,4012.8,3759.63,3352.44,3071.54,3000.21,2818.23,2571.06,1855,Jdtic,@32
314.36,2,5,3.12437,86.19,34.752,2.57307,-4.89941,22,24,35,34,32,28,22,19,18,9,7,0.397555,-0.152813,0.00482325,-0.000372918,0.106704,0.112636,0.0364255,-0.26531,0.241789,0.0324717,0.0619052,0.372108,-0.240268,0.0591634,-0.0112724,0.00953905,-0.0302658,0.0546828,-0.0254521,0.00282809,-0.00411019,0.00181841,1.09027,-0.750509,0.234014,-0.00645032,0.161286,0.0766059,0.230741,-0.636807,0.392847,0.0172175,0.0918405,2172.77,2291.32,3339.32,3024.66,2880.11,2433.74,1940.67,1919.11,2070.1,918.475,730.867,845.776,897.682,1135.43,1072.87,941.874,763.29,669.328,675.8,560.322,391.328,282.145,271.878,157.77,34.2023,0,0,0,0,125.813,92.4043,0,0,1982.23,2336.35,3331.49,3220.25,2873.82,2436.8,1893.41,1521.58,1222.18,631.986,409.247,1792,VALDECOXIB,@33
314.357,0,4,3.19026,60.44,34.388,6.07594,-4.71345,22,24,35,34,32,28,22,18,16,12,7,0.440766,-0.241299,0.0770966,-0.0485269,0.0461658,0.0986889,0.0979808,-0.074558,-0.0475787,0.111527,0.0352485,0.344667,-0.21465,0.0526876,0.00357629,-0.009054,0.0156007,-0.030192,0.0636539,-0.132825,0.079727,-9.25871e-05,1.2447,-0.765931,0.194721,-0.084356,0.0607726,0.135297,0.141061,-0.0874093,-0.395571,0.36617,0.0622016,2156.12,2216.21,3238.8,2995.11,2854.43,2483.9,1962.56,1737.36,1793.65,1384.4,702.872,887.558,879.674,1115.38,1076.11,1001.74,927.055,729.439,629.425,666.153,472.408,243.726,232.301,88.7396,28.3569,0,0,0,0,62.7898,79.3077,24.1057,0,1969.49,2321.24,3303.99,3171.13,2809.06,2361.56,1854.84,1484.83,1173.41,769.834,424.94,1791,ROFECOXIB,@34
489.95,2,7,3.53361,89.43,54.733,6.99704,-6.24225,35,38,54,57,56,56,51,50,46,41,34,0.777,-0.461296,0.250424,0.0335583,-0.06699,0.352336,-0.482789,0.587931,-0.0952851,0.144293,0.0311474,0.303168,0.00307851,-0.186954,-0.0614938,0.0617322,0.0841084,0.0205664,-0.0667117,-0.0821311,0.0362387,0.0683687,1.1767,-0.566162,0.115082,-0.101736,0.172063,0.279655,-0.618994,0.797027,-0.368035,0.337611,0.0710239,3215.39,3363.27,4673.67,4977.1,5064.75,5015.28,4570.47,4496.71,4089.68,3655.43,2940.2,1046.84,1029.01,1358.65,1471,1389.43,1309.85,1327.77,1335.26,1174.23,1092.35,913.823,139.183,0,42.356,0,0,66.6008,36.0681,107.419,0,9.67445,16.7632,3150,3750.6,5393.64,5572.52,5180.13,5013.61,4573.11,4309.12,3822.92,3230.64,2669.49,1797,N-(4-Acetamidophenyl)indomethacinamide,@35
230.259,1,3,2.82934,46.53,26.404,3.3299,-3.00831,17,18,25,26,20,16,12,8,5,4,2,0.452814,-0.211391,0.0541266,0.0508644,0.063093,0.0581808,0.0408244,0.0254457,-0.14141,0.248424,-0.0362532,0.0418168,-0.0123331,-0.00846466,0.00068173,-0.0020151,0.00220451,-0.00674645,0.00853115,0.00129346,-0.00405995,1.43929e-16,0.577545,-0.321317,0.09724,0.0500477,0.062665,0.0600222,0.0228547,0.090482,-0.198442,0.268582,-0.0425945,1472.8,1512.95,2026.44,2047.01,1633.95,1345.91,1046.17,755.275,499.016,405.668,204.154,512.717,478.624,597.3,603.1,503.164,378.702,277.551,201.07,131.431,99.9156,0,53.1391,0,16.9559,0,0,0,0,0,0,35.618,0,1313.57,1531.46,2118.61,2069.86,1479.43,1082.64,706.905,413.986,225.956,132.932,47.3585,1778,"(-) Naproxen",@36
138.121,2,3,2.2083,57.53,13.629,3.33689,-2.13287,10,10,13,12,8,2,0,0,0,0,0,0.465762,-0.194507,0.0296174,-0.149308,0.29788,0.0350215,0,0,0,0,0,0.0499419,-0.0197805,0.00600853,-0.00937979,0.00126069,-0.00307984,0,0,0,0,0,0.599773,-0.333608,0.160439,-0.270532,0.369031,0.0263697,0,0,0,0,0,1000.81,959.009,1228.99,1151.42,825.728,199.184,0,0,0,0,0,384.213,356.423,466.71,456.389,331.497,85.8872,0,0,0,0,0,50.6287,0,15.9164,0,33.874,0,0,0,0,0,0,469.645,516.114,642.162,530.137,264.844,63.5227,0,0,0,0,0,1777,Salicylate,@37
296.148,2,3,3.939,49.33,30.908,2.89126,-4.71197,19,20,27,27,24,24,22,15,10,2,0,0.425785,-0.188523,0.00618586,0.0858749,-0.0643339,0.241569,0.0509542,-0.178405,0.181736,0.0349868,0,0.0693635,-0.00978313,-0.0277395,0.00534965,0.00494477,-0.00979563,-0.00647019,0.00991087,-0.00365933,0.0025607,0,0.508952,-0.270881,0.0670492,0.073436,-0.118236,0.254393,0.0308109,-0.158633,0.192209,0.0583123,0,1745.35,1750.04,2323.23,2319.7,2164.42,2124.53,1928.24,1442.37,1098.01,198.475,0,612.938,575.673,717.933,743.539,736.398,729.685,614.522,495.467,414.392,81.8248,0,113.978,0,16.9377,49.9511,28.8996,38.4432,0,0,88.9663,0,0,1638.27,1887.08,2530.97,2508.37,2039.57,1885.24,1557.35,904.683,418.446,74.2088,0,1779,Diclofenac,@38
155.194,0,3,0.144087,29.54,16.562,2.04732,-0.682884,11,11,14,13,9,6,2,0,0,0,0,0.374419,-0.201944,0.066602,-0.0641942,0.185695,-0.0182544,-0.000111323,0,0,0,0,0.0487877,-0.0172035,0.00404349,-0.0112339,4.09758e-17,4.8894e-16,2.14681e-30,0,0,0,0,0.521561,-0.314609,0.176902,-0.183108,0.233154,-0.0180052,-0.000111323,0,0,0,0,987.357,963.36,1201.27,1124.47,786.391,524.966,136.185,0,0,0,0,223.889,162.674,184.14,115.552,25.0271,0,0,0,0,0,0,37.0628,0,16.467,0,13.7421,0,0,0,0,0,0,528.032,575.257,715.647,608.815,369.212,206.07,60.3751,0,0,0,0,1749,Arecoline,@39
263.375,1,3,2.3738,32.7,30.635,2.99111,-2.57752,19,20,28,30,28,27,19,11,6,2,0,0.413746,-0.0889859,0.0192574,0.0660615,0.124676,0.209827,0.00175849,0.138721,-0.0133648,-0.00105149,0,0.00341259,-0.000452482,-0.000425254,-0.000297924,-0.000530636,-3.49051e-17,3.35673e-16,-2.61794e-16,-1.13171e-16,1.61493e-29,0,0.397153,-0.0963718,0.03704,0.0762778,0.121739,0.215791,-0.00850425,0.133862,-0.0135861,-0.00105149,0,1355.39,1438.38,1992.31,2129.08,1982.17,1898.47,1320.52,778.638,430.776,134.518,0,242.03,222.815,274.466,202.605,88.8682,57.7114,18.5993,19.469,0,0,0,32.2822,0,0,0,5.43623,14.3668,0,6.98361,0,0,0,1365.03,1589.14,2229.35,2311.12,1980.96,1687.69,1078.32,554.051,248.966,59.3636,0,1664,Tramadol,@40
342.823,1,5,1.77821,42.31,38.992,10.7312,-3.85447,24,27,39,45,43,43,34,24,14,5,2,0.418073,-0.076235,-0.0656921,0.13796,0.077121,0.10889,0.106902,0.0747635,0.0166517,0.0471946,0.00136835,0.356129,0.0203326,0.178249,-0.271196,-0.0960306,-0.0163075,0.00429537,0.00290406,-0.00031189,-1.93873e-16,-1.8406e-17,0.865261,-0.25638,0.150139,-0.299936,0.124396,0.0951906,0.0366931,0.252215,0.0512334,0.0503444,0.00143538,1982.78,2231.42,3250.94,3850.59,3656.66,3485.84,2631.2,1845.45,1078.93,372.304,153.885,600.244,650.78,952.958,1137.66,954.477,716.976,405.986,192.704,92.6226,18.9445,0,115.583,27.6604,31.3284,33.7998,37.007,36.4997,34.6681,0.691104,0,8.89671,0,2407.73,2911.27,4249.18,4994.43,4442.89,4001.58,2866.71,1784.71,902.914,293.733,93.9292,1756,"Clozapine-N Oxide",@41
206.281,1,2,3.64579,37.3,24.002,2.00513,-3.11932,15,15,20,19,16,12,7,6,6,4,0,0.307765,-0.137435,0.0479546,0.0384321,0.0591356,0.0729543,0.023752,-0.00287249,-0.00328779,0.0752435,0,0.0380033,-0.0117087,-0.00776548,0.000730883,-0.000654813,0.00103928,-0.000642824,1.88908e-16,-9.55785e-16,7.51135e-16,0,0.449727,-0.239295,0.0677865,0.0386781,0.0568892,0.0849011,0.02231,-0.00466729,-0.0121116,0.088405,0,1201.87,1167.8,1518.29,1430.63,1223.55,934.62,540.565,458.66,465.349,355.712,0,347.151,287.516,281.457,251.905,243.27,206.312,85.6408,0,0,0,0,34.6299,0,16.9558,0,0,0,0,0,0,0,0,923.455,1019.42,1302.92,1198.77,917.915,657.69,397.412,299.481,235.413,109.522,0,1783,(S)-(+)-ibuprofen,@42
331.348,2,7,3.0337,99.6,34.798,2.14443,-4.99669,23,25,37,42,39,32,24,22,17,10,4,0.64558,-0.32256,0.133938,-0.0675005,-0.115806,0.354244,0.0102925,0.11451,0.0262288,0.0329935,0.00582697,0.447849,-0.208929,-0.0314244,0.10541,-0.0788659,-0.0238708,-0.0561822,0.102065,-0.0433021,0.0106165,0.00100961,1.56688,-0.967055,0.354717,-0.0263823,-0.595527,0.747055,-0.207773,0.361215,-0.0309734,0.0714563,0.00422653,2384.7,2491.47,3776.58,4331.21,4130.59,3374.59,2289.57,2135.61,1573.65,839.374,284.06,962.083,1012.63,1304.84,1464.15,1460.7,1142.65,861.031,854.078,639.634,349.348,128.642,291.4,154.178,72.3625,52.3752,209.971,94.3212,26.9726,11.1625,0,0,0,2106.75,2530.47,3732.7,4016.18,3360.75,2601.31,1968.6,1705.86,1232.86,679.184,251.103,1782,Piroxicam,@43
206.281,1,2,3.64579,37.3,24.002,1.98786,-3.11932,15,15,20,19,16,12,7,6,6,4,0,0.307765,-0.137435,0.0479546,0.0384321,0.0591356,0.0729543,0.023752,-0.00287249,-0.00328779,0.0752435,0,0.0380033,-0.0117087,-0.00776548,0.000730874,-0.000654813,0.00103929,-0.000642828,1.88908e-16,-9.55785e-16,7.51135e-16,0,0.449727,-0.239295,0.0677865,0.038678,0.0568892,0.0849011,0.02231,-0.00466729,-0.0121116,0.088405,0,1201.87,1167.8,1518.29,1430.63,1223.55,934.62,540.565,458.66,465.349,355.712,0,347.151,287.516,281.457,251.905,243.27,206.312,85.6408,0,0,0,0,34.6299,0,16.9558,0,0,0,0,0,0,0,0,923.455,1019.42,1302.92,1198.77,917.915,657.69,397.412,299.481,235.413,109.522,0,1784,ibuprofen,@44
180.157,1,4,1.44311,63.6,17.566,2.19888,-1.72403,13,13,17,16,15,11,6,0,0,0,0,0.553547,-0.340127,0.133396,-0.154439,0.28984,-0.197105,0.154467,0,0,0,0,0.0876589,-0.0239853,-0.00679593,-0.0142108,0.0175279,-0.038768,0.0224028,0,0,0,0,0.836383,-0.546966,0.29215,-0.295608,0.396906,-0.413911,0.312041,0,0,0,0,1408.72,1349.57,1715.18,1606.84,1579.01,1191.63,704.539,0,0,0,0,513.742,468.19,582.815,596.184,562.617,369.372,170.668,0,0,0,0,78.7534,0,37.1074,0,45.3372,0,30.2716,0,0,0,0,658.986,732.302,938.088,854.26,637.402,388.173,156.606,0,0,0,0,1780,"Acetylsalicylic acid",@45
308.311,1,7,2.66401,101.22,31.019,3.75462,-4.36268,21,22,31,28,27,29,25,24,19,5,0,0.405598,-0.230578,0.0851334,0.110233,-0.193179,0.234519,-0.0208675,-0.0978753,0.154684,0.0379265,0,0.732156,-0.45869,0.0900757,-0.0384722,0.111227,-0.0170975,0.125411,-0.415225,0.222634,0.0140592,0,1.7165,-1.16672,0.366221,0.0968897,-0.406204,0.542182,0.144091,-1.01874,0.746616,0.120215,0,2424.89,2355.62,3275.94,2806.08,2871.2,3085.8,2673.58,2808.69,2516.61,555.876,0,1020.2,981.513,1058.81,1061.23,1097.44,1075.84,1076.05,1128.01,659.495,146.287,0,273.011,152.151,56.1367,21.8538,68.2266,73.3112,30.5104,95.2523,51.1982,0,0,1559.56,1777.44,2430.01,2293.55,2121.18,2104.27,1676.99,1326.1,810.961,212.515,0,1781,nimesulide,@46
265.821,1,1,4.87868,12.03,31.289,1.11925,-4.64142,18,19,25,27,27,24,16,9,4,2,0,0.144782,0.000505018,0.0246016,0.0779533,0.117444,0.0502193,0.00419009,0.0540628,-0.00223091,0.0149433,0,0.000335431,-5.47203e-05,-0.000114786,5.30658e-05,-5.12751e-05,3.79149e-17,-4.04329e-17,7.69618e-17,2.73804e-17,-1.24405e-16,0,0.14166,0.00199209,0.0268524,0.0771486,0.116435,0.0557724,0.00462931,0.0498859,-0.00259742,0.0131319,0,1220.65,1278.02,1682.78,1792.2,1734.15,1541.05,1095.89,655.864,311.103,163.465,0,225.213,220.165,253.302,169.555,51.0609,17.4074,8.74103,9.41503,0,0,0,31.2827,0,0,0,0,0,0,8.42473,0,0,0,1414.47,1657.36,2191.09,2270.04,2014.64,1593.16,991.776,510.98,207.554,79.8396,0,542,"cyclobutanemethanamine, N-methyl-1-(4-chloropheny;)-alph-(2-methylpropyl)",@47
284.351,4,6,0.257818,101.65,29.772,3.61048,-1.45713,20,20,27,29,29,30,23,20,12,0,0,0.73723,-0.372302,0.104046,0.268986,-0.348404,0.507144,0.186754,-0.1748,0.265634,0,0,0.109901,-0.0261308,-0.0199427,-0.00206123,0.00504297,-0.0073154,1.89507e-05,-0.0323432,0.0277808,0,0,1.04699,-0.558967,0.190381,0.170952,-0.518546,0.721036,0.168695,-0.389035,0.497662,0,0,1775.82,1714.19,2248.25,2347.29,2445.62,2565.8,1913.51,1787.27,1191.55,0,0,354.421,240.508,228.606,165.039,141.592,222.68,144.953,146.861,115.598,0,0,73.814,0,28.6406,20.5017,5.21317,55.549,33.2705,0,24.5938,0,0,1182.84,1340.76,1798.53,1896.81,1741.11,1569.78,1125.95,747.598,310.527,0,0,4568,"Oseltamivir Acid",@48
312.405,3,6,0.997162,90.65,33.442,3.27249,-2.00748,22,22,29,32,33,34,28,25,17,7,4,0.733725,-0.395872,0.134824,0.241005,-0.34274,0.508306,0.135443,-0.164892,0.278081,-0.0325269,0.0146335,0.109739,-0.0260444,-0.019946,-0.00204567,0.00505768,-0.00740128,1.06697e-05,-0.0322162,0.0277155,6.70606e-16,-7.83207e-16,1.0445,-0.578143,0.222665,0.126905,-0.500423,0.719623,0.11908,-0.370373,0.510226,-0.0513086,0.0226254,1913.16,1874.22,2435.2,2636.66,2763.54,2844.19,2277.86,2147.39,1558.88,513.157,276.87,355.882,241.125,230.069,165.742,141.583,223.218,145.373,147.544,116.446,0,0,75.4684,0,29.2893,20.5017,5.21317,56.4485,34.0114,0,25.1415,0,0,1310.26,1479.67,1976.09,2130.19,2027.83,1886.73,1459.66,1054.64,577.55,235.318,105.213,4567,Tamiflu,@49
251.795,2,1,4.50007,26.02,29.454,1.06956,-4.48795,17,18,24,25,23,19,14,8,3,2,0,0.151805,-0.00241442,0.0257221,0.080341,0.119009,0.0477347,0.00279175,0.0562917,-0.00359863,0.0149433,0,0.00033538,-5.46558e-05,-0.000114858,5.30157e-05,-5.11921e-05,-8.47457e-17,-6.64979e-17,5.66903e-17,-4.21865e-17,4.42097e-17,0,0.148683,-0.000926743,0.0279793,0.0795667,0.117936,0.053494,0.00309777,0.051903,-0.00379917,0.0131319,0,1156.38,1210.88,1615.74,1664.48,1484.75,1232.83,961.328,579.885,224.397,163.465,0,224.959,220.165,253.302,169.092,50.1269,16.4855,8.27809,8.91642,0,0,0,31.0287,0,0,0,0,0,0,7.97856,0,0,0,1313.64,1536.54,2021.38,2020.79,1689.67,1306.39,854.655,439.911,166.425,78.7085,0,541,"cyclobutanemethanamine, 1-(4-chloropheny;)-alph-(2-methylpropyl)",@50
219.237,0,4,1.32552,46.61,22.956,9.20146,-2.22822,16,17,23,22,18,14,11,7,5,3,0,0.456112,-0.275376,0.145331,-0.0517359,0.0724129,-0.12326,0.231471,-0.143678,0.1184,-0.016117,0,0.136889,-0.0099074,-0.0561797,-0.0467357,0.0551462,-0.0113877,0.0122092,-0.00399317,-0.00759603,5.94392e-16,0,0.791063,-0.394442,0.15369,-0.305787,0.297874,-0.192283,0.286634,-0.207693,0.179446,-0.0274669,0,1532.61,1554.25,2094.63,2099.55,1722.33,1232.85,1016.51,675.265,460.04,249.738,0,467.314,431.721,530.245,526.546,393.84,282.062,211.291,90.1154,52.4534,0,0,67.8156,0,34.0314,0,9.79881,0,36.7427,0,13.7919,0,0,942.898,1081.84,1446.77,1284,1010.83,796.14,568.414,324.692,194.831,92.264,0,2667,aniracetam,@51
339.363,2,9,-0.601688,115.54,29.919,4.83386,-1.34751,22,24,41,35,34,35,28,20,8,6,0,1.05519,-0.785221,0.318935,0.218544,-0.275074,0.388958,-0.0654407,0.0917243,0.0830802,0.0150057,0,0.29113,-0.192719,0.0471535,-1.32355e-16,1.01189e-15,-7.19971e-16,-3.03907e-15,3.56295e-15,-9.20195e-16,7.8741e-16,0,1.81078,-1.51619,0.731673,0.26104,-0.595103,0.628573,-0.194431,0.128689,0.142031,0.0264336,0,2296.08,2488.27,4067.51,3261.47,3281.72,3547.3,2924.38,2044.6,977.878,611.038,0,452.014,363.559,276.999,94.3324,180.384,238.614,149.136,123.538,69.51,0,0,344.31,228.736,138.268,80.2874,173.558,173.16,113.841,95.1983,41.1993,0,0,1358.61,1643.92,2624.85,2382.34,2187.87,2010.79,1487.43,906.708,381.931,221.052,0,586,Topiramate,@52
256.091,4,5,2.42376,90.71,25.321,5.85062,-3.93613,16,17,24,25,20,16,11,5,2,0,0,0.397491,-0.200162,0.0483854,-7.4616e-05,0.0544591,0.0542217,0.0622195,-0.0109654,0.0464008,0,0,0.143682,-0.0251181,-0.0310305,0.000508937,-0.0145489,-0.00166613,-0.00432375,0.0028,0.00153736,0,0,0.665131,-0.399985,0.136311,0.00681029,0.0112518,0.0802835,0.0870463,-0.0307517,0.0296977,0,0,1582.87,1674.92,2342.64,2434.28,1931.73,1599.6,1084.39,470.424,171.95,0,0,581.143,626.529,863.66,893.062,697.768,580.081,367.446,141.79,43.8878,0,0,102.513,5.46854,23.5284,55.6116,37.7744,56.0775,40.7304,20.366,20.2895,0,0,1286.55,1495.1,2057.43,2028.76,1501.44,1100.04,666.248,268.032,88.0633,0,0,584,lamotrigine,@53
144.211,1,2,2.66606,37.3,16.177,2.03024,-1.88211,10,9,10,10,9,6,1,0,0,0,0,0.292625,-0.150741,0.0443473,0.0194073,0.0384574,0.0853588,0.00404379,0,0,0,0,0.0381474,-0.0117604,-0.00731332,9.07504e-16,-1.72471e-15,8.1269e-16,1.404e-29,0,0,0,0,0.434491,-0.254599,0.0684903,0.0166847,0.0361698,0.099151,0.00404379,0,0,0,0,832.376,724.318,812.721,774.859,697.837,465.369,54.7502,0,0,0,0,158.941,99.3752,56.7984,0,0,0,0,0,0,0,0,34.556,0,16.9148,0,0,0,0,0,0,0,0,421.328,422.25,453.507,418.645,314.401,164.358,27.9512,0,0,0,0,585,Valproate,@54
390.513,3,5,2.55938,86.99,41.551,6.531,-3.76126,28,32,53,61,57,49,38,28,22,17,11,0.749485,-0.280898,0.129813,0.0357537,0.21406,0.0967286,0.175822,0.118168,0.17124,-0.019073,0.19865,0.0434137,-0.0142448,0.00369659,-0.0111586,-1.97492e-16,4.60745e-16,3.86115e-16,-1.08637e-17,-7.40925e-16,-6.95157e-16,1.28827e-15,0.897478,-0.378083,0.196965,-0.0274557,0.200475,0.0368642,0.185802,0.17626,0.174386,-0.0187839,0.189372,2114.64,2322.97,3713.87,4121.8,3929.81,3605.88,2900.62,2111.52,1681.95,1375.43,979.302,254.236,163.663,219.522,70.4568,49.0585,61.3981,70.5338,26.9679,10.8268,0,30.9026,67.7916,0,17.0147,0,10.8449,15.5687,27.4557,11.8522,10.8268,0,10.7289,2535.64,3237.06,5317.89,5873.67,5111.78,4060.06,2992.49,2115.5,1517.63,1029.23,560.006,2360,Gitoxigenin,@55
371.27,1,5,2.84369,50.8,34.824,4.0885,-3.54851,22,23,31,34,33,27,21,20,22,16,4,0.644769,-0.236983,0.0240071,-0.217996,0.428287,0.0474966,-0.104239,0.23074,0.0147047,0.0364904,0.000511952,0.0852344,-0.025388,-0.00303273,-0.0120758,0.0017835,-0.00390419,4.15069e-16,7.17684e-16,-1.77908e-16,-6.50226e-17,-9.4231e-17,0.781881,-0.371477,0.213529,-0.457195,0.504936,0.110334,-0.1242,0.24404,0.000172737,0.0354328,-0.00110952,1886.69,1950.53,2641.51,2995.87,2985.07,2431.47,1727.91,1561.04,1640.79,1141.01,270.793,413.318,394.427,544.213,626.382,495.671,176.264,20.1561,40.2865,18.0304,0,0,84.8544,0,11.4147,26.2731,78.4346,55.0308,0,14.714,7.59179,0,0,1539.69,1771.97,2408.06,2435.2,2113.06,1680.41,1409.13,1381.43,1325.33,790.954,152.265,128,Remoxipride,@56
221.323,1,3,-0.148571,40.54,22.702,3.48885,-1.18583,12,12,16,13,9,8,8,0,0,0,0,0.393297,-0.25389,0.125372,-0.0863937,0.208824,-0.193759,0.11934,0,0,0,0,0.331701,-0.0221737,-0.131786,-0.0718446,0.0944227,-0.0965211,0.062052,0,0,0,0,0.839573,-0.478964,0.202532,-0.186288,0.292137,-0.690101,0.55704,0,0,0,0,1224.46,1168.48,1504.8,1181.98,884.011,919.525,930.09,0,0,0,0,388.185,303.83,282.157,146.771,213.704,321.375,250.064,0,0,0,0,126.259,0,111.175,19.2172,63.143,0,101.34,0,0,0,0,1082.55,1211.67,1582.42,1145.58,652.19,456.606,331.591,0,0,0,0,2356,"3-(2,4-dithioxo-1,3-thiazolidin-3-yl)propanoic acid",@57
217.264,0,3,0.955202,29.54,23.223,5.69381,-1.91678,16,19,30,30,23,13,4,1,0,0,0,0.380638,-0.23308,0.0908936,0.085574,-0.07094,0.0933318,-0.00118793,0.00960797,0,0,0,0.0472177,-0.0160259,0.00597667,-0.011354,0.0066994,-0.00890505,-2.21875e-16,5.13811e-16,0,0,0,0.531883,-0.33729,0.157117,0.0217332,-0.0928548,0.128086,0.0050917,0.0166933,0,0,0,1334.02,1530.89,2381.54,2329.13,1843.16,1105.81,370.48,104.333,0,0,0,287.513,227.138,291.926,186.708,144.786,62.5795,0,0,0,0,0,38.4902,0,16.8089,8.46224,0,6.11184,0,0,0,0,0,1230.77,1558.79,2485.14,2354.1,1563.22,739.574,185.915,33.8924,0,0,0,2355,securinine,@58
177.243,1,2,2.1074,29.1,21.046,3.77569,-2.08293,13,13,16,16,13,10,6,3,1,0,0,0.225986,-0.0463347,-0.0637787,0.0914293,0.0422693,0.0669517,0.0259694,0.00619984,0.00308161,0,0,0.0123785,-0.00629491,0.00344205,-0.00269595,0.000670428,-0.00131088,4.99902e-17,-6.09833e-18,1.32321e-17,0,0,0.304198,-0.0839802,-0.0894457,0.120008,0.0395067,0.0726995,0.0194744,0.00608376,0.00233542,0,0,1033.24,1013.03,1273.72,1315.39,1028.33,744.812,388.898,189.789,61.9859,0,0,313.157,280.063,320.866,291.31,155.001,69.9888,9.28443,0,0,0,0,19.5036,0,0,6.6628,0,0,0,0,0,0,0,747.58,810.638,989.361,919.099,686.51,496.441,282.428,124.692,37.1176,0,0,381,2-ethylamino-1-phenyl-propan-1-one,@59
142.156,2,4,-1.55265,63.4,14.136,5.03161,0.283703,10,10,13,9,7,6,0,0,0,0,0,0.401185,-0.239819,0.0566726,0.17849,-0.187927,0.155388,0,0,0,0,0,0.130881,-0.0226793,-0.0319075,0.000485941,-0.033533,0.0221933,0,0,0,0,0,0.731317,-0.403246,0.074915,0.182409,-0.380744,0.324405,0,0,0,0,0,1027.88,952.259,1195.17,880.065,741.799,651.47,0,0,0,0,0,239.858,155.265,91.1535,92.1697,127.82,91.4484,0,0,0,0,0,52.2452,0,25.0018,29.6034,0,21.5035,0,0,0,0,0,429.392,469.416,586.871,372.47,252.822,168.76,0,0,0,0,0,2666,piracetam,@60
196.676,1,2,2.29562,15.27,21.756,1.85949,-2.74522,13,14,18,16,12,10,6,2,0,0,0,0.211579,-0.0415622,0.00336586,0.0849239,0.042268,0.0115952,-0.0096268,0.0492981,0,0,0,0.0133507,-0.000880102,-0.00282681,-0.000533609,-0.00243485,-1.73445e-16,1.3985e-16,-3.7577e-17,0,0,0,0.184501,-0.0516975,0.0468622,0.0484396,0.0260797,0.03954,-0.0116792,0.0562566,0,0,0,993.147,1054.94,1357.77,1210.12,908.602,750.043,464.168,162.562,0,0,0,232.57,234.875,281.836,207.004,83.0863,16.4391,17.7432,17.8156,0,0,0,45.4567,0,0,5.93579,20.1875,0,0,8.47621,0,0,0,895.165,1007.47,1291.37,1139.99,800.57,599.821,321.135,95,0,0,0,129,mCPP,@61
198.653,1,4,1.08126,41.05,20.338,1.33298,-1.86443,13,14,18,16,12,10,6,2,0,0,0,0.349262,-0.155965,-0.0382359,0.186909,-0.0469801,0.0405804,0.0207242,0.0103166,0,0,0,0.040516,-0.00989039,-0.0211247,0.00899137,0.00176575,-7.08762e-16,-2.43394e-16,1.10625e-16,0,0,0,0.478683,-0.244855,-0.0740663,0.233599,-0.0812115,0.0811497,0.0341075,0.0039149,0,0,0,1148.41,1229.18,1590.76,1415.56,1039.36,841.539,507.65,172.541,0,0,0,318.004,315.119,387.879,279.671,89.8236,21.013,22.2881,18.5675,0,0,0,55.9505,0,17.7383,28.2268,21.5887,2.96342,3.08327,8.81331,0,0,0,792.004,890.282,1140.05,1008.06,712.241,538.683,290.855,86.8309,0,0,0,130,MK-212,@62
179.302,2,1,3.46096,26.02,21.823,0.704776,-3.34548,13,15,27,21,15,0,0,0,0,0,0,0.120334,0.00411445,0.0577488,0.0398299,0.0970774,0,0,0,0,0,0,6.39543e-29,-2.45559e-29,1.92751e-29,-1.84843e-29,-1.52596e-30,0,0,0,0,0,0,0.120334,0.00411445,0.0577488,0.0398299,0.0970774,0,0,0,0,0,0,774.604,900.494,1600.28,1258.94,883.417,0,0,0,0,0,0,2.23966,0,0,0,0,0,0,0,0,0,0,2.23966,0,0,0,0,0,0,0,0,0,0,1074.03,1349.82,2220.32,1775.15,976.127,0,0,0,0,0,0,633,Memantine,@63
287.213,4,9,-1.6316,136.38,26.322,5.72469,-0.332377,19,20,29,25,22,19,14,15,13,8,6,1.16063,-0.761399,0.138673,0.4707,-0.0718986,-0.0157379,0.250681,-0.163935,0.347425,-0.515342,0.534623,0.269429,-0.0544577,-0.0959146,0.0681651,-0.0525072,0.0414135,-0.0211165,-0.0949408,0.103079,-0.0439379,0.0155023,1.7703,-1.23148,0.2835,0.622824,-0.306684,0.276298,0.00732078,-0.619,1.04885,-0.904872,0.732202,1928.91,2042.45,2894.68,2388.42,2033.44,1728.15,1374.31,1580.48,1476.18,913.095,649.285,572.022,541.632,674.525,507.806,257.841,91.9282,199.16,436.063,496.043,342.002,227.299,86.6253,0,59.5153,59.7789,22.5289,10.2788,34.9403,18.7106,33.1254,0,60.2984,1122.33,1301.62,1807.83,1587.65,1315.93,1016.1,773.475,712.45,552.431,303.911,181.719,2323,Tenofovir,@64
319.872,1,3,4.28452,28.16,38.266,5.21694,-4.53153,22,23,30,31,27,23,21,17,15,15,14,0.287198,-0.0572354,0.0836078,-0.018789,0.132987,0.0653786,0.0512728,0.041646,-0.014602,0.0938804,-0.0286776,0.0529653,-0.0204552,0.023566,-0.0164623,-0.015082,0.00149604,0.000454823,-4.26765e-16,-9.79986e-16,8.69272e-16,-1.25912e-15,0.374512,-0.147788,0.184649,-0.124657,0.202202,0.0101507,0.0333663,0.067437,-0.0554706,0.164267,-0.042322,1635,1726.05,2266.77,2313.5,1980.16,1664.82,1488.64,1197.09,1104.5,1085.62,1009.87,398.087,429.611,582.886,554.606,348.865,165.318,63.9944,17.3042,29.4012,30.3658,9.44,48.7167,0,0,0,13.1673,6.43922,20.8367,0,0,2.36489,0,1758.15,1993.66,2631.3,2615.9,2140.27,1784.98,1530.2,1228.03,1098.5,1027.77,862.159,661,Chloroquine,@65
151.249,2,1,2.23565,26.02,18.153,0.707579,-2.42099,11,13,21,15,6,0,0,0,0,0,0,0.115964,0.00417584,0.049304,0.0441318,0.0480358,0,0,0,0,0,0,4.48676e-29,-1.52887e-29,2.73682e-29,-1.97232e-30,-2.4061e-29,0,0,0,0,0,0,0.115964,0.00417584,0.049304,0.0441318,0.0480358,0,0,0,0,0,0,658.824,779.066,1250.46,900.214,361.214,0,0,0,0,0,0,2.23937,0,0,0,0,0,0,0,0,0,0,2.23937,0,0,0,0,0,0,0,0,0,0,797.738,983.089,1507.36,1093.84,367.229,0,0,0,0,0,0,630,Amantadine,@66
249.264,1,3,4.2766,46.26,30.803,4.53096,-4.62487,19,22,33,33,27,20,17,11,6,2,0,0.479543,-0.238263,0.089692,-0.0282606,0.142727,-0.148007,0.212746,-0.0446322,0.00801192,0.0437481,0,0.0538968,-0.0208682,0.0111015,-0.0197947,-0.010478,0.0152142,-0.00056907,0.000430407,-0.0016398,-0.000344792,0,0.535945,-0.36592,0.273754,-0.160679,0.256219,-0.217483,0.199678,-0.020275,0.00214565,0.0421201,0,1623.31,1895.73,2822.14,2775.43,2272.27,1695.17,1443.28,895.032,483.013,168.54,0,578.039,650.35,942.334,903.047,681.914,557.237,431.075,318.117,173.448,73.8376,0,38.8879,0,7.06474,0,6.75285,0,18.1082,0,0,0,0,2019.16,2485.02,3746.72,3641.57,2797.83,2007.31,1494.79,815.773,372.654,89.5576,0,2357,"4-methyl[1]benzofuro[3,2-g]quinolin-2-ol",@67
227.283,1,2,3.20673,29.1,25.962,3.13185,-3.96095,16,18,25,28,22,16,8,3,0,0,0,0.236246,-0.122487,0.0413175,0.0168979,0.0595793,0.0368318,0.0341874,0.0103136,0,0,0,0.0822978,-0.00659138,-0.0338786,-0.00803839,0.00396906,-0.000449911,0.00377181,6.85198e-05,0,0,0,0.386661,-0.179992,0.0703002,-0.102368,0.0939869,0.0470373,0.0610181,0.0114507,0,0,0,1384.29,1518.19,2121.19,2442.93,1954.24,1315.05,596.715,205.039,0,0,0,534.546,583.171,809.165,932.777,751.907,533.034,257.718,93.2434,0,0,0,65.0175,0,15.165,27.5679,17.1815,0,0,0,0,0,0,1517.37,1798.29,2504.39,2757,1913.42,1281.98,560.084,192.914,0,0,0,3253,DBTO,@68
353.868,1,5,3.04698,46.09,36.426,3.47904,-4.12104,23,26,33,33,29,25,21,21,18,13,12,0.598687,-0.377494,0.488111,-0.144713,0.0187848,0.0737873,0.170202,-0.149733,0.255685,-0.0959908,0.0978074,0.125842,-0.0294754,-0.0329075,-0.00510602,0.00759588,-0.00421059,0.00361333,-0.00243045,-3.09333e-16,-1.30183e-17,1.70979e-17,0.830083,-0.567017,0.630429,-0.229165,0.0896665,0.00181868,0.218877,-0.245859,0.325455,-0.096107,0.0947836,1897.19,2118.74,2747.91,2733.97,2386.16,2159.55,1836.63,1771.18,1443.84,1003.49,867.766,428.309,373.382,511.424,395.552,368.368,398.815,299.982,169.724,72.8127,22.3972,7.16099,114.593,0,55.8984,0,35.6922,73.8461,42.5215,25.9764,26.844,10.3715,7.16099,1756.48,2051.74,2678.59,2673.5,2240.91,1887.54,1624.58,1511.98,1224.68,876.026,747.722,2359,"6-(((6-chloro-4H-1,3-benzodioxin-8-yl)methyl)thio)-3-(cyclopropylmethyl)-1,2,3,4-tetrahydro-1,3,5-triazine ",@69
181.211,2,5,-1.17508,83.47,16.423,0.808613,-0.17255,11,10,13,8,7,6,5,6,0,0,0,0.455819,-0.293782,0.181126,-0.00932949,-0.0679474,0.238069,-0.216678,0.18181,0,0,0,0.345839,-0.197866,0.0249469,-4.25717e-16,0.0442296,0.00202337,-0.136736,0.0904826,0,0,0,1.30587,-0.962843,0.415379,0.0086607,-0.110402,0.394287,-0.688012,0.531175,0,0,0,1343.6,1152.05,1495.58,747.766,696.921,680.057,704.675,854.934,0,0,0,468.53,377.714,190.503,0,55.9941,179.066,249.679,169.614,0,0,0,262.725,164.643,60.0731,0,55.9941,48.8957,41.6377,36.3592,0,0,0,497.86,496.419,578.034,383.968,319.257,255.599,187.306,166.211,0,0,0,3262,Acamprosate,@70
357.428,1,6,2.47203,71.53,38.219,4.50404,-4.04901,25,27,36,33,27,26,24,21,19,17,14,0.661531,-0.403794,0.256183,0.0119345,-0.0206705,0.149238,0.015233,-0.0137854,0.0852174,0.0700128,-0.0445997,0.188095,-0.0230607,-0.0604712,-0.0489283,0.0430177,-0.0114843,-0.00895294,0.0282825,-0.00843844,-0.00304678,0.00762213,1.11882,-0.604666,0.347103,-0.298048,0.0874954,0.214518,-0.0296325,0.0443639,0.0183651,0.170841,-0.0662942,2300.5,2406.71,3174.49,2879.23,2328.08,2237,2141.67,1877.03,1657.92,1430.86,1191.7,740.668,680.188,771.724,567.265,432.925,565.798,637.743,614.484,513.444,311.485,173.64,118.5,0,89.314,35.0353,9.82388,6.81826,0,24.7984,37.8572,13.2134,21.86,1720.17,1954.36,2553.05,2270.08,1845.74,1764.27,1594.85,1403.21,1273.87,1141.87,977.625,7826,Rosiglitazone,@71
158.155,3,5,-2.55812,83.63,14.773,3.76542,0.975257,11,11,15,11,9,7,2,0,0,0,0,0.554322,-0.264427,0.0146532,0.176784,-0.103671,-0.00521286,0.214356,0,0,0,0,0.130353,-0.0225278,-0.0318089,0.000423945,-0.033367,0.0221033,1.06409e-16,0,0,0,0,0.884083,-0.422134,0.055797,0.0759595,-0.205087,0.108212,0.254854,0,0,0,0,1143.07,1061.73,1389.29,1101.16,971.407,783.222,210.661,0,0,0,0,250.807,155.313,91.3403,127.562,153.375,113.059,38.6925,0,0,0,0,63.1935,0,25.0695,43.5045,10.0468,21.5635,23.1981,0,0,0,0,469.797,522.948,679.88,461.067,319.581,207.016,44.1249,0,0,0,0,2668,oxiracetam,@72
156.265,1,1,3.16284,20.23,18.987,1.45932,-2.51108,11,11,15,14,10,3,2,0,0,0,0,0.169121,-0.0135807,0.0209037,0.0455062,0.0991774,0.00717384,0.00741661,0,0,0,0,3.07508e-29,3.34084e-30,5.02781e-30,8.67415e-31,-8.75778e-30,1.06528e-29,6.13948e-30,0,0,0,0,0.169121,-0.0135807,0.0209037,0.0455062,0.0991774,0.00717384,0.00741661,0,0,0,0,680.299,677.503,922.49,874.47,625.415,169.654,110.215,0,0,0,0,10.7258,0,0,0,0,0,0,0,0,0,0,10.7258,0,0,0,0,0,0,0,0,0,0,638.422,703.737,909.332,790.256,466.033,153.379,74.865,0,0,0,0,607,"(+) isomenthol",@73
156.265,1,1,3.16284,20.23,18.987,1.44543,-2.51108,11,11,15,14,10,3,2,0,0,0,0,0.169121,-0.0135807,0.0209037,0.0455062,0.0991774,0.00717384,0.00741661,0,0,0,0,3.07508e-29,3.34084e-30,5.02781e-30,8.67415e-31,-8.75778e-30,1.06528e-29,6.13948e-30,0,0,0,0,0.169121,-0.0135807,0.0209037,0.0455062,0.0991774,0.00717384,0.00741661,0,0,0,0,680.299,677.503,922.49,874.47,625.415,169.654,110.215,0,0,0,0,10.7258,0,0,0,0,0,0,0,0,0,0,10.7258,0,0,0,0,0,0,0,0,0,0,638.422,703.737,909.332,790.256,466.033,153.379,74.865,0,0,0,0,605,"(+) Neomenthol",@74
156.265,1,1,3.16284,20.23,18.987,1.44543,-2.51108,11,11,15,14,10,3,2,0,0,0,0,0.169121,-0.0135807,0.0209037,0.0455062,0.0991774,0.00717384,0.00741661,0,0,0,0,3.07508e-29,3.34084e-30,5.02781e-30,8.67415e-31,-8.75778e-30,1.06528e-29,6.13948e-30,0,0,0,0,0.169121,-0.0135807,0.0209037,0.0455062,0.0991774,0.00717384,0.00741661,0,0,0,0,680.299,677.503,922.49,874.47,625.415,169.654,110.215,0,0,0,0,10.7258,0,0,0,0,0,0,0,0,0,0,10.7258,0,0,0,0,0,0,0,0,0,0,638.422,703.737,909.332,790.256,466.033,153.379,74.865,0,0,0,0,606,"(-) Neomenthol",@75
243.301,1,3,2.72901,38.33,29.079,3.36562,-3.18456,18,19,25,25,21,18,16,13,9,5,2,0.366516,-0.16574,0.110767,0.0331976,0.0263731,0.0624152,0.00937803,0.136916,-0.0979419,0.118113,-0.0152272,0.0696639,-0.0120045,-0.0220085,-0.000848415,-0.000561215,-0.00429892,-0.0020014,0.0157374,-0.00465946,-0.00418703,1.23597e-16,0.512625,-0.263833,0.144414,0.0229548,0.0199972,0.0572307,-0.00943756,0.143368,-0.142703,0.200732,-0.0275277,1483.74,1529.02,1947.45,1872.83,1590.02,1419.65,1319.83,1138.86,843.481,493.182,182.916,473.415,456.695,535.645,468.086,342.438,320.302,300.557,288.088,211.351,93.4319,0,44.3408,0,12.37,0,0,0,0,17.5472,0,13.0458,0,1394.39,1607.33,2169.27,2138.85,1638.12,1261.3,943.902,675.92,410.654,182.059,49.4454,3250,Agomelatine,@76
156.265,1,1,3.16284,20.23,18.987,1.46005,-2.51108,11,11,15,14,10,3,2,0,0,0,0,0.169121,-0.0135807,0.0209037,0.0455062,0.0991774,0.00717384,0.00741661,0,0,0,0,3.07508e-29,3.34084e-30,5.02781e-30,8.67415e-31,-8.75778e-30,1.06528e-29,6.13948e-30,0,0,0,0,0.169121,-0.0135807,0.0209037,0.0455062,0.0991774,0.00717384,0.00741661,0,0,0,0,680.299,677.503,922.49,874.47,625.415,169.654,110.215,0,0,0,0,10.7258,0,0,0,0,0,0,0,0,0,0,10.7258,0,0,0,0,0,0,0,0,0,0,638.422,703.737,909.332,790.256,466.033,153.379,74.865,0,0,0,0,603,"(+) Menthol",@77
156.265,1,1,3.16284,20.23,18.987,1.46005,-2.51108,11,11,15,14,10,3,2,0,0,0,0,0.169121,-0.0135807,0.0209037,0.0455062,0.0991774,0.00717384,0.00741661,0,0,0,0,3.07508e-29,3.34084e-30,5.02781e-30,8.67415e-31,-8.75778e-30,1.06528e-29,6.13948e-30,0,0,0,0,0.169121,-0.0135807,0.0209037,0.0455062,0.0991774,0.00717384,0.00741661,0,0,0,0,680.299,677.503,922.49,874.47,625.415,169.654,110.215,0,0,0,0,10.7258,0,0,0,0,0,0,0,0,0,0,10.7258,0,0,0,0,0,0,0,0,0,0,638.422,703.737,909.332,790.256,466.033,153.379,74.865,0,0,0,0,604,"(-) Menthol",@78
328.381,1,4,4.28781,45.06,37.303,2.68281,-4.65824,24,25,32,31,27,27,28,30,28,22,14,0.443767,-0.0611785,-0.0683526,0.110134,0.0723697,0.100071,0.0392583,-0.0406906,0.114617,0.116515,0.0873303,0.0285055,-0.0149645,0.00896833,-0.0117775,0.00753424,-0.00640155,0.00990138,-0.00886937,-0.0026455,0.00332324,0.000297068,0.434892,-0.0752249,-0.0332429,0.0558426,0.156563,0.0711428,0.0670795,-0.0801879,0.182261,0.0610022,0.0951076,2008.1,2071.02,2629.13,2638.91,2389.7,2322.44,2302.01,2396.34,2223.56,1747.4,1075.84,674.577,678.182,864.874,909.863,772.003,703.348,617.777,576.472,485.885,315.492,163.486,86.2155,16.1624,0,9.61357,18.0207,28.7442,0,0,19.5654,24.5483,20.5109,1634.44,1823.96,2319.14,2268.52,1957.39,1935.55,1942.25,1899.1,1587.4,1100.43,642.874,126,SR46349B,@79
167.205,3,3,0.512881,52.49,18.564,2.87623,-0.92749,12,12,15,14,11,8,4,2,0,0,0,0.419226,-0.0751518,-0.0246937,0.177249,-0.00228928,0.137393,0.130845,0.00480516,0,0,0,0.0034473,-0.000462737,-0.000417719,-0.000308337,-0.000534857,6.46922e-18,3.33116e-18,-2.91783e-18,0,0,0,0.401802,-0.0850974,-0.00760168,0.188881,0.00454772,0.124745,0.126729,0.00466629,0,0,0,921.221,916.734,1143.29,1075.36,850.122,611.412,295.492,145.927,0,0,0,240.63,222.374,273.474,215.365,90.5925,57.3685,18.5395,0,0,0,0,30.8288,0,0,5.1797,0,13.8448,6.49303,0,0,0,0,642.539,700.569,862.138,759.722,523.864,338.76,154.976,62.6169,0,0,0,1329,(-)-phenylephrine,@80
279.848,0,1,5.12733,3.24,33.124,1.28897,-4.83938,19,20,27,29,31,29,18,10,5,2,0,0.138095,0.00168286,0.0236218,0.0754415,0.115071,0.0512768,0.00518049,0.0522291,-0.00148069,0.0149432,0,0.000335486,-5.47895e-05,-0.000114709,5.31196e-05,-5.13643e-05,-9.6737e-17,9.78535e-18,1.49599e-16,-1.04745e-16,-2.75542e-17,0,0.134973,0.00316927,0.0258661,0.0746075,0.114106,0.056651,0.0056912,0.0482424,-0.00193833,0.0131318,0,1285.66,1347.33,1812.89,1920.66,1984.91,1851.04,1231.23,732.257,398.318,163.465,0,225.481,220.165,253.302,170.018,51.9941,18.3286,9.20359,9.91324,0,0,0,31.5502,0,0,0,0,0,0,8.87053,0,0,0,1535.61,1807.78,2429.3,2557.49,2396.67,1933.75,1152.21,593.951,256.912,80.9738,0,540,Sibutramine,@81
238.285,2,3,2.30101,44.89,29.497,1.91758,-3.55106,18,20,29,26,21,20,19,12,5,1,0,0.3345,-0.141438,0.0991502,0.0120828,-0.107813,0.209649,0.0589872,0.0402991,0.00575273,0.00140579,0,0.182803,-0.0137871,-0.0602396,-0.0185078,0.0156321,-0.0082281,-0.00936791,0.00273895,0.000357833,-2.07268e-17,0,0.408242,-0.181991,0.108372,-0.0437431,-0.00954747,0.122453,0.0892371,0.0431461,0.0117421,0.00153585,0,1502.24,1648.57,2367.36,2140.16,1788.22,1732.15,1536.08,876.742,336.771,64.1366,0,483.33,521.901,723.751,658.409,543.905,496.535,373.504,161.572,59.2054,0,0,43.7707,0,14.1719,0,0,25.5759,0,0,0,0,0,1611.55,1921.77,2761.01,2369.15,1858.71,1678.9,1446.89,814.991,308.907,51.7099,0,5051,SU5416,@82
309.381,0,3,3.4612,18.84,35.606,4.98415,-4.53678,23,26,37,41,36,37,32,23,14,5,2,0.313531,-0.116757,0.056156,0.0614692,0.0749085,0.0332518,0.0602513,0.0370594,0.0131388,0.0665029,0.00193785,0.0837165,-0.0240416,0.00906094,-0.0189658,-0.00359483,-0.00167927,-0.0038623,0.000772928,0.000451716,2.89046e-16,-1.00062e-16,0.462657,-0.251205,0.170532,-0.0670372,0.13412,0.0720345,0.0284152,0.0592288,-0.00562075,0.0708139,0.00207401,1809.64,2033.34,2893.15,3249.46,2851.88,2821.01,2411.06,1769.09,1089.4,383.962,162.499,525.578,559.683,747.759,797.026,685.229,551.971,363.549,201.58,99.0738,19.0809,0,45.3129,0,4.9468,6.90549,5.81101,1.97621,20.3055,0,0,8.11189,0,2012.8,2415.28,3473.51,3977.17,3356.17,3123.04,2345.43,1464.46,754.309,243.92,73.4877,112,Fluperlapine,@83
555.238,1,5,6.42721,49.64,52.545,4.11002,-8.0399,30,33,47,49,48,49,51,46,36,32,22,0.420131,-0.0855585,-0.183291,0.163039,0.157925,-0.0422481,-0.0217742,0.168274,-0.0129568,0.0591889,0.0617753,0.283882,-0.0491794,-0.0976823,0.038285,-0.0605909,0.0270377,0.00590704,-0.0056291,0.00252779,-0.00409046,0.00133523,0.68218,-0.235889,-0.275167,0.393505,0.0419746,-0.135391,0.0487868,0.219601,-0.0465576,0.073559,0.0500145,2637.14,2851.78,4109.11,4402.11,4400.79,4313.69,4449.26,3998.95,2997.14,2598.28,1632.26,743.68,782.605,1126,1141.56,1103.9,1072.84,1105.57,995.657,585.232,355.958,101.423,146.618,28.0512,12.4336,42.7093,74.4077,32.8342,27.0056,50.9541,20.5164,103.517,38.2612,3176.48,3772.02,5389.17,5558.85,5339.76,5320.34,5080.46,4301.27,3246.06,2564.95,1685.69,3190,"AM 251",@84
390.518,2,4,6.09296,73.12,46.518,1.54983,-6.36377,29,30,40,43,41,38,34,34,33,22,20,0.466455,-0.134432,0.0583906,-0.0407279,0.200437,0.123401,0.00310815,-0.252513,0.459269,0.0193709,0.0514559,0.266381,-0.127631,0.0767504,-0.130855,0.081907,-0.0387006,0.032028,-0.00555876,-0.0230875,0.00250261,-0.00114157,0.972842,-0.413801,0.272383,-0.541213,0.511373,-0.0286153,0.150533,-0.510615,0.70394,0.033714,0.0632881,2370.39,2380.04,3132.69,3455.85,3297.29,3016.73,2866.81,3064.83,2894.93,1679.39,1455.13,705.361,682.883,820.288,720.235,484.457,513.317,495.747,515.294,518.649,427.334,401.245,45.7701,0,11.3942,0,13.7949,0,0,0,37.287,0,0,2164.01,2452.5,3242.49,3366.76,3044.97,2742.95,2331.14,2179.09,1947.43,1535.86,1439.57,5052,SU1498,@85
670.841,6,11,3.76247,166.75,75.552,3.4987,-6.93547,49,53,75,77,78,84,89,91,95,93,88,1.1894,-0.539045,-0.00414338,0.673361,-0.253582,0.105935,0.630813,0.276811,-0.0109794,0.583558,0.432474,0.265859,-0.0455497,-0.0812996,0.0298662,-0.0546427,-0.00776684,0.0330094,0.0115473,-0.0387311,0.0333615,0.00831552,1.9056,-0.880721,-0.0655137,0.808566,-0.695943,0.146492,0.886902,0.22836,-0.223728,0.867386,0.504016,4116.83,4279.86,5952.88,6332.46,6734.37,7275.53,7460.37,7497.24,7797.38,7699.2,7293.15,1037.9,919.407,1004.32,982.675,961.036,1098.84,1016.88,973.713,1180.82,1322.15,1178.84,122.273,0,50.6485,74.3247,35.7556,84.1946,78.4985,49.3635,34.0364,46.0502,32.2425,3855.84,4502.27,6234.17,6508.12,6307.22,6596.75,6839.96,6943.47,7028.4,6785.1,6280.7,2103,"Saquinavir mesylate",@86
269.338,2,3,2.90675,43.7,31.12,2.45952,-3.52561,20,22,31,35,30,30,24,13,4,1,0,0.445445,-0.0684857,-0.0766105,0.232163,0.0796842,-0.0359452,0.279805,0.0779262,0.0624897,0.0232791,0,0.00395034,0.000649639,-0.00107976,-0.000612398,-0.00082304,-0.000125073,-9.25292e-05,3.00589e-05,5.11255e-05,2.68064e-05,0,0.396752,-0.0615101,-0.05796,0.234648,0.10528,-0.0275734,0.259015,0.0701935,0.0556856,0.0208725,0,1497.16,1638.93,2286.38,2555.77,2191.9,2216.22,1814.38,1004.36,330.741,82.8385,0,456.978,442.328,543.19,518.756,353.12,380.86,387.078,270.103,140.751,36.4739,0,37.6531,0,0,17.4627,0,0,13.8034,0,0,0,0,1624.42,1922.84,2712.04,3077.67,2489.65,2176,1496.43,695.373,188.696,40.1446,0,1328,"SKF 75670",@87
463.787,1,5,5.98493,49.64,49.445,4.06789,-7.63814,30,33,47,49,48,49,51,46,36,32,22,0.436547,-0.0989212,-0.184663,0.17136,0.158103,-0.0599816,0.00448691,0.170796,-0.0807381,0.0989258,0.0704269,0.284214,-0.0492929,-0.0979829,0.0390784,-0.0625895,0.0281827,0.00721383,-0.00592807,0.00237595,-0.00500631,0.00161126,0.695999,-0.248711,-0.275011,0.400679,0.0472154,-0.140789,0.041442,0.238224,-0.11728,0.121947,0.0553681,2680.22,2883.43,4147.96,4434.77,4422.8,4345.6,4504.41,4080.66,3071.9,2687.86,1677.24,755.652,788.399,1137.98,1154,1109.85,1078.35,1114.81,1015.41,604.106,389.541,112.103,153.663,28.0434,12.4338,42.6918,74.3861,32.8283,29.5035,52.2877,20.5164,112.77,40.9347,2933.14,3508.71,5051.29,5246.27,5054.43,4964.41,4668.36,3882.92,2909.84,2279.37,1502.04,3251,Rimonabant,@88
219.323,1,2,2.64391,23.47,26.328,1.64844,-2.68151,16,17,22,21,18,16,12,8,4,2,0,0.268545,-0.0329691,0.0441445,0.0812654,0.0497618,0.00826643,0.149944,0.00107439,0.015458,0.0264194,0,0.00354656,-0.000632919,-0.000286829,-0.000290593,-0.000562939,-7.39186e-17,-1.05542e-16,7.88686e-17,7.70911e-17,1.37409e-17,0,0.251318,-0.0422174,0.0654695,0.0748852,0.066069,-0.00176226,0.147958,0.00259481,0.0132589,0.0257225,0,1104.87,1175.31,1515.36,1432.09,1216.01,1086.04,832.457,557.981,273.762,137.336,0,229.949,222.346,254.801,174.909,53.6851,19.0843,19.8313,0,0,0,0,20.1361,0,0,0,0,0,6.95018,0,0,0,0,1069.39,1209.26,1575.16,1489.94,1191.8,987.251,680.488,398.484,170.803,67.8791,0,685,(R)-(+)-3-(3-Hydroxyphenyl)-N-propylpiperidine,@89
387.514,1,3,6.66653,32.7,49.043,3.26712,-6.74142,29,31,41,43,44,49,47,37,27,22,19,0.446118,-0.0849115,0.0292455,0.215794,0.0204098,0.0860743,0.0945993,0.0736128,0.151116,0.103113,-0.0180704,0.00740304,-0.00096485,-0.000474245,6.47599e-05,-0.000989989,0.00108143,-0.0019942,0.00120039,-0.00199697,-0.00306029,0.0019566,0.409394,-0.0984949,0.0708432,0.197991,0.0304428,0.112633,0.104899,0.0863161,0.115359,0.129004,-0.0290134,2133.39,2304.44,3031.05,3151.54,3167.14,3488.75,3392.31,2773.21,2099.78,1678,1383.62,709.529,756.87,1009.54,991.822,854.374,988.986,994.074,813.6,588.221,337.092,140.368,39.1246,0,0,7.12951,0,0,0,0,0,0,0,2760.2,3218.61,4405.86,4813.72,4726.65,4676.77,3961.7,2885.6,1999.66,1529.58,1270.71,679,4-Hydroxy-tamoxifen,@90
309.326,1,2,4.61568,21.26,30.984,2.37078,-4.70659,22,23,31,30,27,26,25,21,17,14,11,0.536167,-0.250717,0.0531123,0.057962,0.188484,-0.167351,0.29117,-0.00168806,-0.0466555,-0.132661,0.181208,0.00435043,-0.00109929,0.000527532,-0.000711832,-0.000805607,-5.07465e-05,0.000138813,-0.00010559,-2.0989e-05,-4.7503e-05,-6.67972e-18,0.516203,-0.268253,0.0933048,0.0107522,0.220988,-0.178544,0.290532,-0.00396083,-0.0316923,-0.130683,0.181164,1941,1984,2748.04,2499.93,2259.43,2078.49,1973.14,1654.65,1483.63,1371.38,1124.19,496.118,411.54,639.109,540.168,417.769,401.349,445.096,273.577,215.881,199.74,193.063,98.1815,0,76.3727,0,6.79901,0,66.7209,0,0,0,23.3477,1306.86,1475.16,1918.58,1907.17,1679.25,1604.26,1417.38,1098.51,762.719,498.473,309.932,1316,Fluoxetine,@91
211.328,3,3,0.361997,50.94,23.846,1.65205,-1.54954,14,15,20,17,13,10,7,5,3,1,0,0.285938,-0.123273,0.146529,-0.00980691,0.0142801,0.0217075,0.0940164,0.00490324,0.0160044,0.0190375,0,0.0893796,-0.0122343,-0.0227075,-0.00974795,-8.31585e-16,-6.92227e-16,9.16258e-16,-5.06277e-16,7.95366e-16,-8.09302e-16,0,0.432863,-0.238407,0.163038,0.0520023,-0.00982938,0.0480964,0.0619555,0.00506252,0.0161713,0.011846,0,1059.73,1161.93,1558.94,1248.49,940.579,711.415,511.779,370.991,220.918,64.7183,0,171.979,158.887,158.12,50.872,11.1558,21.8532,6.50948,0,0,0,0,57.5841,0,37.4651,0,9.58991,1.96136,6.50948,0,0,0,0,1000.66,1147.14,1545.99,1267.33,895.883,611.44,402.066,258.068,131.88,33.072,0,2337,Pramipexole,@92
341.427,3,7,0.616698,101.73,35.351,3.21295,-2.80849,23,24,34,34,31,27,27,23,20,18,12,0.673469,-0.337523,0.13986,0.060716,0.14024,-0.39337,0.58004,0.0675305,-0.099133,0.220368,0.00768471,0.386414,-0.235784,0.0737601,-0.0575823,0.0922168,-0.107965,0.0421473,1.05764e-15,5.33226e-16,-1.93119e-15,-6.81441e-17,1.54524,-1.04127,0.478438,-0.122057,0.472726,-1.12376,1.12604,0.0535721,-0.270909,0.355506,-0.00145772,2218.89,2215.95,3152.01,3030.58,2917.63,2749.43,2742.01,1940.36,1594.46,1522.18,1118.53,664.776,663.06,790.672,784.866,652.353,566.619,352.462,29.5846,33.1379,30.8662,0,270.997,140.127,46.1302,6.75193,30.1335,160.539,114.609,7.3567,23.3438,17.1992,0,1646.15,1890.26,2612.52,2496.74,2151.27,1859.17,1739.25,1524.59,1327.2,1044.05,598.639,107,Sulpride,@93
291.39,0,3,3.29995,18.84,35.697,3.42464,-4.30372,22,25,35,39,34,35,29,19,10,4,1,0.26661,-0.0824922,0.0565897,0.106813,0.0213552,0.112837,0.0276958,0.0515901,0.0507126,0.0191436,0.000513484,0.0791454,-0.0213393,0.00168093,-0.0121779,-0.000388677,-0.00388345,-0.00352186,5.7569e-05,-3.85975e-16,2.05277e-16,-1.39705e-16,0.416625,-0.197578,0.145335,0.0408257,0.00429638,0.152314,0.00852092,0.0679816,0.042479,0.0248888,0.000687428,1622.69,1872.1,2639.59,2988.05,2577.25,2539.96,2018.17,1304.68,673.309,265.969,65.2264,488.795,525.961,685.893,727.468,612.546,512.276,270.67,130.927,28.2904,9.01827,0,21.4187,0,4.95335,6.89571,0,1.98165,0,0,0,0,0,1994.88,2382.98,3399.31,3888.63,3258.7,3022.56,2188.79,1296.43,603.541,207.339,45.9228,1897,Perlapine,@94
381.443,1,5,3.02313,52.65,42.37,5.8181,-4.75608,28,31,43,43,37,32,27,24,22,20,19,0.528754,-0.313577,0.206216,-0.00624582,0.0863946,-0.0637566,0.219724,0.052654,-0.0427916,0.172764,-0.15691,0.200706,-0.00714468,-0.0925452,-0.0259447,0.0141201,0.0132465,-0.00208528,-4.07335e-16,0.010001,-0.012847,-0.0180809,0.882868,-0.408382,0.139848,-0.124808,0.0749069,-0.0247754,0.270154,0.082338,-0.0178101,0.174716,-0.331202,2428.34,2567.75,3544.43,3544.67,3057.9,2609.72,2179.45,1855.98,1685.29,1620.74,1738.11,666.878,660.554,835.123,679.539,384.598,205.35,112.622,36.0856,50.9102,160.856,374.272,102.158,0,49.6462,0,8.77165,6.74496,32.006,0,0,29.4779,0,2125.67,2500.25,3473.84,3327.9,2748.24,2308.47,1934.05,1738.72,1601.55,1470.37,1382.12,1306,benperidol,@96
354.443,2,5,2.41945,65.56,39.947,3.83165,-3.76401,26,30,45,50,46,39,33,29,24,17,10,0.653853,-0.237766,0.055247,0.0281428,0.294334,-0.147546,0.1758,0.356939,-0.0969484,0.0566392,0.113137,0.105924,-0.00621306,-0.0424078,-0.000444204,-0.00389707,0.000682054,0.0126021,-0.0186453,0.000940124,0.000236985,0.00418403,0.714205,-0.30348,0.119599,-0.0832798,0.35418,-0.15587,0.218642,0.239406,-0.0663819,0.0805307,0.166841,2058.28,2308.13,3403.25,3757.97,3518.41,2952.55,2554,2353.07,1970.3,1374.74,826.708,413.558,361.419,403.079,268.443,172.338,67.0778,206.401,214.489,270.782,272.244,201.404,59.0269,0,17.5209,5.26193,27.6385,0,20.2197,35.6734,0,0,0,2383.7,2965.33,4534.35,4760.42,4115.57,3388.35,2854.96,2337.09,1732,1050.62,497.754,2335,Yohimbine,@97
266.381,1,2,3.70341,15.27,34.246,1.47751,-4.13315,20,22,29,34,31,28,21,15,8,2,0,0.198562,-0.00256199,0.0641311,0.0663145,0.119247,0.0028225,0.0657303,0.0961277,0.0403157,0.00136288,0,0.0300905,0.00320642,-0.0141736,-0.0030098,-0.00405041,0.000190669,0.00212297,0.000668511,6.31917e-18,-5.53637e-17,0,0.169067,0.00782244,0.0800619,0.0165859,0.0793752,-0.00225115,0.124034,0.102751,0.0578508,0.00200747,0,1391.64,1556.69,2074.24,2410.77,2144.69,1917.27,1424.63,1008.39,520.42,130.023,0,387.644,416.941,496.478,438.09,331.625,346.674,243.959,123.645,16.54,0,0,24.6114,0,0,0,7.2715,0,0,0,0,0,0,1874.75,2209.35,3072.18,3605.56,2952.23,2342.29,1460.2,870.723,373.997,79.6433,0,1317,Desipramine,@98
371.515,0,2,7.07551,12.47,48.406,2.23481,-7.04707,28,30,39,41,43,48,45,34,23,18,17,0.293371,-0.0338699,0.0262462,0.184312,0.0200436,0.0852767,0.108242,0.0794904,0.0962012,0.0515932,0.0463776,0.00365932,-0.000506098,-0.000290115,5.83608e-05,-0.000696193,-0.000163369,-0.000155283,-0.000230828,4.8982e-05,9.33975e-05,1.14856e-05,0.275417,-0.0390281,0.0489164,0.16789,0.0222055,0.10779,0.113173,0.0790784,0.0853014,0.0430274,0.045219,1998.13,2173.87,2826.22,2962.13,3058.62,3365.2,3172.77,2459.25,1708.81,1310.59,1184.55,670.393,723.524,943.777,924.922,822.76,957.858,965.666,746.364,441.644,193.849,64.6156,21.6291,0,0,7.13205,0,0,0,0,0,0,0,2709.59,3151.34,4283.26,4676.21,4627.74,4559.56,3781.01,2665.68,1750.06,1326.21,1171.62,678,Tamoxifen,@99
219.323,1,2,2.64391,23.47,26.328,1.65958,-2.68151,16,17,22,21,18,16,12,8,4,2,0,0.268545,-0.0329691,0.0441445,0.0812654,0.0497618,0.00826643,0.149944,0.00107439,0.015458,0.0264194,0,0.00354656,-0.000632919,-0.000286829,-0.000290593,-0.000562939,-7.39186e-17,-1.05542e-16,7.88686e-17,7.70911e-17,1.37409e-17,0,0.251318,-0.0422174,0.0654695,0.0748852,0.066069,-0.00176226,0.147958,0.00259481,0.0132589,0.0257225,0,1104.87,1175.31,1515.36,1432.09,1216.01,1086.04,832.457,557.981,273.762,137.336,0,229.949,222.346,254.801,174.909,53.6851,19.0843,19.8313,0,0,0,0,20.1361,0,0,0,0,0,6.95018,0,0,0,0,1069.39,1209.26,1575.16,1489.94,1191.8,987.251,680.488,398.484,170.803,67.8791,0,684,(S)-(-)-3-(3-Hydroxyphenyl)-N-propylpiperidine,@100
303.783,2,3,3.52873,43.7,33.048,3.28677,-4.21202,21,23,33,39,34,33,27,15,5,1,0,0.474343,-0.0730016,-0.139942,0.203305,0.0710124,-0.0245041,0.273781,0.081311,0.0681338,0.0231909,0,0.00458853,0.000481801,-0.0014164,-0.000415651,-0.000820364,-0.000147327,-9.44618e-05,3.44326e-05,5.70007e-05,2.6705e-05,0,0.414301,-0.0639637,-0.111931,0.205595,0.0943414,-0.0178469,0.252747,0.0727667,0.0608054,0.0207945,0,1650.86,1783.23,2554.06,3015.85,2619.88,2532.72,2113.08,1201.22,423.971,82.9886,0,491.894,473.074,607.691,623.339,423.686,423.11,453.325,336.87,174.229,36.5171,0,66.8535,0,0,40.1378,22.5386,8.90361,13.8308,0,0,0,0,1819.95,2171.76,3112.9,3616.3,2966.4,2572.47,1795.75,869.503,259.378,43.7544,0,1327,"SKF 82957",@101
355.428,0,5,2.62894,40.16,40.048,4.16518,-3.68601,26,29,43,53,53,49,40,30,19,8,1,0.740435,-0.263245,-0.153258,0.366723,-0.059412,-0.0212814,0.156831,0.277639,0.0642154,-0.0397554,0.00345673,0.00816886,0.00167619,-0.00114691,-0.00061918,-0.00339684,-0.0026162,5.45289e-05,0.00151783,0.000446158,-1.12085e-16,5.57749e-30,0.641979,-0.24246,-0.113084,0.356477,-0.0139858,0.0106619,0.135476,0.229977,0.051504,-0.0368812,0.00345673,2097.54,2370.54,3442.76,4200.21,4198.05,3888.36,3250.76,2470.32,1511.21,594.749,72.621,539.509,539.857,781.403,860.783,628.457,535.328,452.789,274.251,79.0664,0,0,77.4253,0,0,37.2716,0,7.35331,33.3083,44.5852,18.6079,0,0,2494.38,3114.36,4818.72,5590.14,5104.34,4241.03,2997.21,1861.95,931.763,318.953,28.5172,3248,Glaucine,@102
645.312,0,4,7.86089,42.68,57.019,3.87273,-8.16536,31,33,45,50,49,46,45,46,36,23,20,0.635508,-0.208957,-0.0700339,0.131912,0.00191899,-0.00529458,0.124064,-0.0741818,0.0928118,0.0719723,-0.0456286,0.0539611,-0.00907565,0.00685554,-0.0113534,-0.00885718,-0.00260024,-0.0124247,0.00882578,0.00316316,-0.00137234,-0.000141494,0.667111,-0.286241,0.0443975,0.0426982,0.00110004,-0.0274483,0.228442,-0.0783766,0.0142295,0.152074,-0.0700869,2537.42,2713.52,3796.42,4270.93,4243.55,3873.62,3637.24,3637.65,2765.09,1829.09,1583.95,638.792,655.752,963.572,1044.8,852.271,727.945,649.113,472.432,327.941,182.053,56.4757,98.1698,0,0,48.3885,37.7172,33.3334,31.2874,41.5077,19.3778,5.9619,0,3316.79,3880.91,5454.95,5792.84,5389.27,4993.48,4882.24,4545.2,3199.47,2014.92,1541.98,1320,Amiodarone,@103
418.958,0,3,5.91877,23.55,49.59,3.63435,-6.83164,30,33,45,50,45,41,35,30,29,26,28,0.326518,-0.0701405,-0.0217127,0.165216,0.167134,-0.018858,0.0231354,0.199006,0.00167983,-0.000550626,0.036292,0.0431766,-0.00361381,-0.01022,-0.00658925,-0.00263911,0.000185992,0.00918303,-0.0123372,-0.00867662,0.0160206,-0.00794842,0.3764,-0.0972243,-0.0213505,0.131539,0.138205,-0.0198232,0.101222,0.181281,-0.0679511,0.040387,0.0522486,2329.8,2512.77,3424.61,3788.04,3361.84,2990.45,2586.34,2216.65,2243.4,2160.2,2309.19,733.135,729.568,883.174,798.257,519.726,455.312,339.891,276.539,370.065,629.94,790.23,70.7953,0,0,6.92241,7.98348,0,22.0095,28.3928,0,0,0,2697.02,3152.25,4330.1,4848.56,4072.08,3517.38,2816.21,2467.63,2353.95,2216.14,2342.57,3244,Lofepramine,@104
393.454,0,5,1.92664,52.98,43.118,8.00507,-4.04544,29,32,45,48,40,34,32,28,24,22,22,0.503851,-0.247481,0.129432,-0.0713117,-0.0250967,0.242361,0.00753905,0.106836,-0.00490038,-0.131904,0.178516,0.44864,-0.00536113,-0.144767,-0.194211,0.176323,-0.0542193,-0.00208499,-0.00867549,0.025865,-0.0382827,0.0541025,1.24849,-0.471713,0.163183,-0.596674,0.366258,0.287098,-0.0832082,0.130125,0.0433998,-0.308812,0.425833,2538.45,2693.18,3790.96,4101.81,3377.41,2709.24,2568.35,2212.86,1933.18,1902.92,2056.46,784.127,795.569,1022.03,925.758,505.5,248.391,97.4113,62.6693,160.657,370.946,578.309,116.873,0,21.8806,0,1.65917,25.0787,19.8338,0,0,8.15958,44.5383,2154.1,2525.19,3504.82,3587.12,2891.8,2489.94,2288.26,2043.04,1789.97,1646.31,1580.28,2941,Pirenperone,@105
312.434,1,4,2.06,30.87,36.94,8.53803,-3.85153,22,25,36,38,34,34,29,19,11,4,1,0.357986,-0.136247,0.0518147,0.0868155,0.0900055,0.094819,-0.0302376,0.0812543,0.0388935,0.0182975,0.000501288,0.222134,-0.00386278,0.0274871,-0.0634311,-0.0712445,-0.00615164,0.00333751,0.00279819,1.39661e-15,2.60475e-16,6.83753e-17,0.576485,-0.300877,0.238356,-0.0402335,-0.0108691,0.0714099,-0.0563439,0.195051,0.0645233,0.0249729,0.000676543,1714.19,1992.38,2888.1,3090.1,2716.57,2598.65,2127.14,1353.51,777.057,263.116,65.3283,480.634,537.861,754.195,833.372,613.789,362.389,197.887,73.1134,17.5519,9.01614,0,83.0712,0,28.703,12.6695,60.021,8.20385,0,11.2805,0,0,0,2205.43,2658.24,3863.08,4194.98,3627.65,3232.09,2396.82,1382.86,697.392,210.259,47.6094,115,Olanzapine,@106
263.35,0,2,3.41975,20.31,29.356,3.10592,-3.6268,19,20,26,24,17,15,15,14,13,11,8,0.262241,-0.0698188,0.00991986,0.0574895,0.00601845,0.0160108,0.0653753,0.0346336,-0.0302318,0.0830729,-0.00238036,0.0151156,-0.00813116,0.00536185,-0.00554696,0.00407108,-0.00122734,-0.00208528,-6.55555e-16,6.78608e-16,-4.5788e-16,3.57077e-16,0.344952,-0.116187,0.0226789,0.0361107,0.020075,0.0231094,0.0590069,0.0493607,-0.0400602,0.0844293,-0.00519589,1511.66,1519.65,1965.07,1840.37,1340.21,1197.87,1244.01,1063.23,956.624,815.495,599.709,349.495,313.912,377.055,336.769,178.089,114.487,75.0943,18.2141,9.70531,10.3412,0,43.1262,0,0,0,0,6.74285,19.8199,0,0,8.14963,0,1129.49,1251.33,1573.11,1418.33,1016.17,902.605,866.081,826.461,750.133,593.992,391.239,114,Melperone,@107
251.323,0,2,2.81062,12.47,30.434,1.83234,-3.50987,19,22,32,35,33,28,16,5,0,0,0,0.2491,-0.0639923,0.0208556,0.0610196,-0.0187689,0.149287,0.0569984,0.0113351,0,0,0,0.0090821,0.00022346,-0.00392456,-0.00109384,8.31278e-06,-0.000439234,0.000614681,7.01201e-05,0,0,0,0.221952,-0.0674202,0.0549947,0.043386,-0.0277488,0.154635,0.0584364,0.0140258,0,0,0,1407.33,1643.97,2389.34,2653.9,2448.44,1999.72,1107.16,335.735,0,0,0,426.247,453.924,560.944,520.918,395.833,384.237,234.841,91.8858,0,0,0,29.0295,0,0,0,0,8.46968,0,0,0,0,0,1768.39,2159.23,3199.57,3521.1,3011.49,2234.15,1064.83,289.898,0,0,0,116,ORG-5222,@108
326.823,1,4,2.70491,30.87,38.355,11.4382,-4.60404,23,26,37,41,36,37,32,23,14,5,2,0.359426,-0.126081,0.0292801,0.113758,0.0819722,0.0967693,0.00206745,0.073608,0.0167334,0.0471966,0.00136837,0.363556,0.0238017,0.179796,-0.277326,-0.0983466,-0.0167894,0.0042409,0.00317697,-0.000331303,3.51731e-16,3.39718e-17,0.744096,-0.296878,0.337341,-0.253382,0.0299471,0.0197098,-0.0508985,0.253685,0.0524547,0.0509061,0.00145087,1823.37,2069.59,2957.86,3328.67,2877.55,2872.91,2433.78,1757.24,1078.57,372.293,153.885,548.25,598.452,844.684,979.366,753.478,572.003,354.986,192.254,92.4981,18.9194,0,85.0195,0,26.6808,10.5393,30.3117,10.9366,27.083,0.673827,0,8.89587,0,2312.28,2770.77,3983.52,4556.79,3852.06,3586.5,2720.02,1727.81,896.709,292.148,93.4946,111,Clozapine,@109
426.481,0,6,4.01316,64.8,44.757,6.5619,-5.36633,31,34,47,48,42,36,30,27,27,25,22,0.740498,-0.233471,-0.105265,0.136373,0.0603683,-0.00586531,0.147813,0.122921,-0.099229,0.0476985,0.160523,0.0572235,-0.0289532,0.000998975,0.0040095,0.00405353,-0.00498066,-0.00373989,8.23162e-16,0.000855986,-0.00606656,0.00335143,0.749606,-0.271369,-0.0623072,0.135995,0.00342738,0.058103,0.121731,0.12712,-0.114217,0.0932182,0.0997291,2761.41,2962.83,4048.71,4069.46,3614.56,3018.04,2426.97,2161.8,2143.66,2007.85,1869.28,713.127,670.385,884.585,782.695,444.643,266.068,100.375,47.3327,57.0868,139.996,243.044,124.177,18.0452,0,18.8046,35.9152,37.479,27.2537,7.17596,0,21.5976,32.2383,2051.43,2391.37,3289.3,3220.55,2682.52,2265.21,1915.78,1771.7,1757.85,1642.68,1472.22,113,Iloperidone,@110
412.937,1,5,3.89046,48.47,45.084,3.67571,-5.75757,28,32,46,44,37,32,29,25,22,21,21,0.441544,-0.197287,0.0648895,0.0706238,0.0556308,0.0580592,0.0110946,0.0233568,0.149675,-0.058489,0.0336015,0.177654,-0.0341517,-0.061231,0.00197082,-0.00212779,0.00968256,-0.00572202,-0.0032229,0.00321889,-0.00905384,0.0479498,0.753018,-0.364243,0.102669,0.00299481,0.0355209,0.149537,0.000378217,-0.0604294,0.23495,-0.0974078,0.0670849,2371.98,2639.94,3762.5,3567.78,3019.8,2558.12,2283.23,1937.67,1763.89,1792.48,1860.37,644.081,639.278,820.435,698.868,439.319,195.498,99.8842,117.798,226.177,335.417,485.801,128.389,8.39136,20.783,32.9334,27.1048,11.1692,28.0151,8.4965,26.4969,0,26.7165,2492.09,2975.99,4249.02,3931.11,3202.88,2696.23,2411.11,2153.15,1954.91,1898.82,1944.01,120,Ziprasidone,@111
440.941,1,5,4.17386,39.99,48.937,6.27551,-6.14617,31,35,50,49,44,45,45,39,29,25,25,0.558089,-0.33622,0.263232,0.113768,-0.160542,0.267674,0.0484088,0.0108465,0.076559,0.0860942,-0.143631,0.236969,-0.0105921,-0.106393,-0.016129,-0.000634821,0.0160741,0.00363398,-0.0129663,-0.0181024,0.0419958,0.0372296,0.754452,-0.44366,0.284729,0.0379474,-0.0963274,0.272316,-0.0461488,0.0817639,0.0653811,0.100146,-0.0416153,2600.31,2836.52,4002.38,3847.81,3394.35,3476.17,3488.21,3070.04,2347.26,2109.63,2197.81,622.212,631.272,823.606,708.707,588.809,488.866,389.078,326.544,277.363,268.851,328.235,105.395,0,35.2869,6.9769,0,44.6963,5.58558,0,8.96928,13.9132,26.1274,2844.82,3436.77,4999.43,4963.56,4546.87,4275.79,3819.6,3110.24,2309.78,1970.34,1897.85,119,Sertindole,@112
331.86,0,2,5.14235,12.47,37.842,2.49021,-5.60736,22,24,33,36,32,31,26,21,17,9,2,0.305579,-0.0846691,-0.0120638,0.130994,-0.019384,0.105585,-0.00542048,0.0274423,0.0934058,0.0222508,0.00104222,0.00774028,-0.000506865,-0.0020394,-0.00188611,0.00140187,-0.000345132,-0.000142501,-0.000210669,-0.000141342,-3.74077e-18,3.45947e-17,0.284098,-0.0927977,0.0213178,0.119634,-0.0403177,0.119744,-0.00348425,0.0282672,0.0923884,0.0240227,0.00114786,1737.69,1900.37,2616.2,2917.33,2610.89,2462.91,1981.06,1579.17,1266.55,640.396,130.529,553.456,604.153,861.29,980.869,799.01,637.018,347.436,205.367,103.833,9.09347,0,81.6864,0,0,7.20842,24.4352,53.4131,0,9.10198,8.79312,0,0,2208.47,2606.05,3645.7,4135.5,3374.09,2924.08,2128.02,1521.39,1041.18,440.957,91.7775,121,Zotepine,@113
383.508,1,5,2.87835,48.3,43.341,5.34239,-4.19527,27,30,40,45,41,42,36,27,19,16,15,0.579141,-0.179358,-0.0514201,0.362159,-0.0274857,0.0298409,0.222741,-0.0233788,0.0859193,0.0746047,0.0091564,0.0815873,-0.0211121,7.4805e-05,-0.0140616,0.00334052,-0.00570362,-0.00338905,5.74426e-05,-7.05135e-16,-1.95113e-16,1.15734e-16,0.72806,-0.293697,0.036401,0.298049,-0.0499869,0.0893028,0.164292,-0.0638132,0.192416,0.00439828,-0.0366209,2097.01,2346.02,3161.71,3614.58,3203.1,3146.91,2614.15,1981.78,1448.91,1255.38,1205.39,547.301,592.757,821.587,965.364,704.199,509.007,289.448,164.192,70.7394,82.0602,117.805,74.8733,0,4.90897,30.5748,23.1393,2.00234,19.7441,9.43837,4.03849,13.5601,19.0362,2413.73,2866.16,4026.7,4636.13,3980.18,3737.95,2864.25,1985.5,1354.62,1087.79,930.226,117,Quetiapine,@114
410.485,0,6,2.42552,61.94,43.669,6.21928,-4.60943,30,34,49,51,44,36,32,29,25,23,24,0.56121,-0.231139,0.114766,-0.165807,0.0442762,0.238542,-0.00421226,0.0783396,-0.011877,-0.0222489,-0.0279282,0.31888,-0.0464428,-0.0713909,-0.101551,0.0622671,-0.00232253,-1.09598e-15,-0.00173759,0.0168788,-0.0482645,0.0853842,1.04855,-0.448944,0.212422,-0.472122,0.152234,0.420799,-0.125352,0.110496,0.00306128,-0.150643,0.220826,2638.08,2921.76,4201,4346.87,3748.11,2878.85,2484.98,2277.13,1976.12,1941.43,2260.78,614.382,611.633,753.287,550.719,253.505,138.765,34.7644,46.5322,147.905,358.175,526.106,115.418,18.0452,20.4632,0,31.2532,36.1196,9.76266,0,0,8.15482,29.4061,2191.55,2614.64,3734.82,3751.38,3106.06,2598.4,2320.82,2097.25,1856.06,1739.54,1748.48,118,Risperidone,@115
327.808,0,4,3.65431,28.07,37.152,2.22921,-4.85147,23,26,37,41,36,38,33,23,13,5,1,0.42145,-0.180073,-0.00503917,0.138029,-0.0462217,0.191436,-0.0791944,0.049624,0.086061,0.0191461,0.000495937,0.0887362,-0.0192594,-0.00567307,-0.0191963,0.0108105,-0.00811227,-0.00206005,-0.000489838,-0.00038771,2.31665e-17,-1.30477e-16,0.54253,-0.288323,0.0936242,0.10501,-0.111406,0.242808,-0.0965191,0.0559607,0.087578,0.024345,0.000646556,1892.69,2152.67,3089.26,3512.63,3029.34,3073.28,2565.01,1762.99,996.663,356.866,65.3733,569.71,632.579,906.357,1043.83,788.217,610.475,331.586,204.083,103.381,9.05596,0,75.8926,0,4.8772,12.8507,21.0867,57.7296,0,8.41648,8.90823,0,0,2153.37,2575.58,3700.32,4229.48,3625.15,3456.86,2620.14,1619.35,790.26,254.854,46.3688,102,Loxapine,@116
375.864,1,3,3.98069,40.54,39.746,2.49903,-4.79954,26,28,39,39,30,26,25,22,20,19,18,0.433388,-0.125056,-0.00263348,0.062393,0.139677,0.00189095,0.156013,0.0187803,-0.08816,0.133478,0.0486032,0.0154779,-0.0082177,0.00529176,-0.00547408,0.00397371,-0.00122734,-0.00208528,-5.64862e-16,-0.000384691,0.00111245,-0.00165963,0.512897,-0.170447,0.0151224,0.0349851,0.16065,0.00969239,0.15046,0.0359562,-0.136467,0.173318,0.0334634,2145.47,2204.2,3031.65,3012.09,2322.01,2049.83,2051.44,1696.14,1539.61,1555.56,1513.49,583.423,534.12,648.924,535.275,263.258,151.896,113.651,27.5196,74.0116,207.501,332.739,83.1241,0,0,0,5.56883,6.74718,37.7637,0,8.94536,21.6894,0,1819.15,2086.32,2817.73,2728.17,2092.13,1824.08,1663.25,1506.06,1390.7,1291.76,1188.55,101,Haloperidol,@117
375.48,2,5,1.69214,66.64,40.671,5.34265,-3.27517,27,29,40,43,37,31,26,22,21,20,21,0.560312,-0.209788,-0.0224831,0.200171,-0.0253982,0.210327,0.121289,0.0774981,-0.0743212,-0.0217136,0.128355,0.0808276,-0.0194522,-0.0161731,-0.00554695,0.00407108,-0.00122734,-0.00208528,1.23873e-16,0.00624468,-0.0182994,0.0159737,0.806315,-0.340677,-0.0401568,0.21406,-0.0531305,0.252599,0.118533,0.0999562,-0.0757953,-0.112836,0.214658,2238.22,2282.96,3113.65,3343.1,2900.71,2416.95,2076.27,1663.59,1604.3,1691.1,1897.59,471.686,390.91,419.677,357.452,191.916,134.107,75.1026,18.2221,60.4162,202.161,265.629,71.6146,0,12.2388,12.409,2.92696,18.5104,19.8197,0,0,15.2684,28.5989,1825.83,2111.19,2891.82,2977.38,2414.1,1995.57,1660.8,1490.64,1433.69,1348.78,1299.77,105,Pipamperone,@118
318.865,0,2,4.86496,6.48,37.039,2.38705,-5.39704,21,23,32,33,30,28,24,20,14,6,0,0.222321,-0.0443346,0.007918,0.0593508,0.1173,-0.0127283,-0.00950607,0.0680606,0.0763704,0.00389653,0,0.0298715,0.00268287,-0.0136456,-0.0054577,-0.00158188,0.000984234,0.0024039,6.5766e-05,-0.000387311,-2.65547e-17,0,0.173976,-0.0261402,0.0407603,0.0282402,0.0598803,-0.0320238,0.0536266,0.0696386,0.0918184,0.00469906,0,1614.02,1780.26,2494.96,2573.81,2295.58,2118.97,1797.64,1489.18,1024.04,438.1,0,458.594,512.599,724.195,693.723,486.866,387.643,275.749,172.401,59.3639,0,0,84.561,0,0,26.1689,32.8179,29.9235,0,9.05161,8.71518,0,0,2164.23,2580.32,3683.83,3848.91,3226.56,2654.86,1964.79,1393.15,808.507,276.009,0,98,Chlorpromazine,@119
437.523,1,4,4.13495,29.95,45.227,3.22045,-5.30913,30,33,47,49,44,41,39,37,36,30,24,0.695051,-0.271768,-0.0184344,0.309828,-0.0189767,0.0276544,0.123436,0.111444,-0.099059,0.146922,0.167877,0.0281172,0.00368641,-0.0120823,-0.00618685,-0.00369947,0.00116622,0.00256822,0.000489149,4.14473e-16,-7.34864e-16,1.99472e-16,0.648593,-0.258345,-0.0136683,0.310955,-0.0198199,-0.0185991,0.131023,0.098602,-0.102404,0.20461,0.112292,2540.19,2730.46,3947.75,3904.61,3525.74,3320.95,3270.59,3067.48,2934.95,2417.79,1984.69,513.881,481.035,821.999,798.651,599.313,470.444,400.07,276.086,205.923,142.974,63.2337,145.774,0,76.3729,34.5262,7.88576,71.0362,89.8725,17.3176,0,25.4346,24.7172,2574.39,3085.52,4419.5,4679.48,3991.67,3491.33,3031.12,2748.27,2524.42,2053.55,1512.07,100,Fluphenazine,@120
443.627,0,5,3.35904,43.86,50.654,4.17634,-5.43929,30,33,48,52,44,42,41,41,40,34,25,0.419811,-0.165753,0.0641026,0.167879,0.0423961,-0.0475256,0.145923,0.0516357,-0.00679511,0.221641,0.0370643,0.312415,-0.21166,0.0586991,-0.00989792,0.0114927,0.00316146,-0.00296155,-0.0114552,0.00778789,-0.00137417,-2.37903e-15,1.13594,-0.743688,0.26924,0.150703,0.100687,-0.143083,0.203367,0.0065756,-0.10074,0.38559,0.0378093,2525.36,2723.98,4034.63,4256.6,3469.89,3352,3403.79,3358.54,3211.11,2668.9,2017.36,796.689,868.284,1126.37,1171.36,971.185,840.115,708.594,479.776,341.755,171.806,47.0504,263.145,142.275,35.3544,2.79056,0,77.386,57.711,9.42323,23.2311,17.3247,9.29574,3139.62,3765.56,5485.71,5889.46,5075.79,4640.87,4237.2,3892.92,3421.06,2653.11,1795.61,109,Thiothixene,@121
401.493,1,4,4.15977,35.58,43.714,3.89223,-5.16771,29,31,41,42,37,36,35,34,32,26,23,0.504084,-0.299745,0.227514,0.105658,-0.0388611,0.173384,0.0515923,0.0857453,-0.0100108,0.0981637,0.0461277,0.143273,-0.0182882,-0.0527505,-0.000288267,0.00027341,-0.000753731,0.00089729,-0.000466513,-0.00292699,-0.000281983,0.000416969,0.776923,-0.457708,0.27048,0.0528282,-0.0678434,0.246954,0.039395,0.0898891,8.06063e-05,0.040281,0.0499086,2397.55,2462.38,3215.13,3226.04,2745.44,2622.84,2659.25,2659.03,2521.94,2138.7,2074.52,575.595,543.644,609.727,457.353,327.567,345.758,354.295,301.082,233.195,260.467,400.26,89.4209,0,35.2332,7.01023,0,10.5787,0,0,0,16.4252,23.844,1984.67,2267.4,2998.68,3074.08,2700.53,2566.11,2377.94,2211.43,2004.02,1637.45,1355.33,110,Amperozide,@122
395.47,1,5,3.49925,52.65,43.117,4.05949,-4.9476,29,32,45,47,40,36,32,26,23,22,23,0.555187,-0.245488,0.0771914,0.0936795,-0.0133218,0.15708,0.129814,0.109511,-0.0551108,-0.00554022,0.0932396,0.09132,-0.019912,-0.00181467,-0.0161042,-0.0219008,0.0174803,-0.00970488,0.0062963,0.0107431,-0.0251713,0.0103928,0.787332,-0.353496,0.0733609,0.0657226,-0.101511,0.214459,0.149017,0.156149,-0.0274173,-0.114467,0.131762,2459.18,2590.91,3621.84,3781.34,3202.54,2890.79,2606.95,2018.01,1783.4,1874.75,2106.68,666.366,595.383,672.992,563.72,374.049,346.163,237.267,78.5235,82.2641,269.593,441.238,84.9622,0,28.9482,11.91,6.46895,18.7938,19.8197,0,0,23.8785,29.2864,2111.8,2491.96,3519.14,3519.79,2928.22,2548.35,2163.28,1820.62,1658.49,1574.59,1551.53,106,Spiperone,@123
370.577,0,2,5.87597,6.48,44.677,1.45629,-6.57544,25,28,39,42,36,34,34,34,29,17,6,0.233858,-0.0425253,0.0361203,0.0822307,0.14186,-0.0030819,0.00138454,0.0895873,0.111792,0.023482,0.0104293,0.0307121,0.00152425,-0.0135887,-0.00425647,-0.0011637,3.79915e-05,0.002729,-0.000285121,-0.000353281,-1.08247e-16,-4.97791e-17,0.188085,-0.0253153,0.0756627,0.0452458,0.0743024,-0.0295534,0.0684227,0.0908058,0.136712,0.0255031,0.0123795,1811.44,2067.34,2900.29,3099.43,2645.37,2485.37,2448.18,2395.33,1993.25,1138.72,385.501,457.622,512.556,722.305,691.948,486.08,387.072,276.105,172.989,59.2164,0,0,81.7537,0,0,26.1563,31.6911,28.3625,0,9.2817,8.47295,0,0,2691.16,3213.74,4596.61,4895.22,4161.48,3741.27,3393.45,3016.24,2239.78,1160.45,359.263,108,Thioridazine,@124
440.603,0,6,4.50607,56.75,48.779,5.95454,-6.02763,31,35,50,49,44,35,28,26,27,25,22,0.526219,-0.265165,0.163362,-0.0575786,0.0658392,0.218655,-0.128567,0.174439,0.0988064,-0.147978,0.255782,0.222058,-0.0343759,-0.0768785,-0.0354085,0.0339017,0.0017321,7.96885e-16,1.40465e-15,0.0165093,0.0389616,-0.0653307,1.02764,-0.459774,0.172819,-0.319776,0.174466,0.274884,-0.213564,0.317465,0.045571,-0.153732,0.369471,2565.53,2804.03,3989.74,4025.4,3690.81,2706.39,2075.3,1980.34,2107.14,1955.12,1727.89,538.55,486.89,541.505,419.359,238.255,52.1729,43.5597,45.3639,31.5264,87.7365,214.431,115.259,8.39137,40.339,32.9256,10.2412,11.4119,11.1854,10.7645,21.8263,0,32.2602,2453.53,2912.16,4138.4,3842.45,3207.99,2552.33,2123.37,1969.49,1986.75,1893.65,1768.36,1308,tiaspirone,@125
401.499,0,5,1.9913,52.98,42.288,5.63222,-4.05893,28,31,44,45,38,31,30,27,23,20,20,0.533431,-0.304996,0.200814,-0.132568,-0.00815848,0.232282,-0.0167776,0.118038,-0.026954,-0.12833,0.189305,0.305087,-0.0361324,-0.0590481,-0.118036,0.0639939,-0.00123576,-0.00208499,-0.00510062,0.0201754,-0.0411085,0.0555743,1.18219,-0.589676,0.325349,-0.521305,0.187976,0.339545,-0.0937386,0.127909,0.0319429,-0.334971,0.450347,2484.76,2641.1,3744.15,3875.03,3220.06,2445.26,2442.82,2151.06,1875.51,1782.32,1933.19,677.21,646.937,775.676,631.177,311.927,147.409,87.4793,58.2297,158.079,371.243,530.52,117.993,0,62.4986,0,12.4328,22.6497,19.8338,9.09627,0,8.15958,38.634,2109.12,2479.82,3459.07,3362.39,2764,2298.97,2162.63,1980.34,1738.87,1532.49,1450.42,1307,setoperone,@126
386.576,0,3,3.83078,23.55,45.314,3.37132,-5.42979,26,29,41,44,38,36,37,37,32,20,9,0.267566,-0.0486818,0.00874801,0.0972906,0.0917482,0.0327021,0.0116082,0.0694101,0.0441021,0.100184,0.0141456,0.103145,-0.0364157,-0.021371,0.00852935,0.0173047,-0.0145349,-0.0184811,0.0114631,-0.00320255,0.00513551,-2.4937e-16,0.410915,-0.11507,-0.00360598,0.108465,0.0222392,0.00325267,0.0340854,0.088817,0.00473846,0.179958,0.0191336,2030.69,2239.88,3163.7,3359.36,2917.49,2778.39,2860.16,2783.7,2371.95,1508.45,720.973,567.359,601.551,802.632,814.292,608.24,504.841,403.724,290.914,169.129,55.7385,0,155.251,32.055,0,26.1669,51.7449,68.2698,19.0932,9.28518,15.5886,5.70165,0,2777.97,3326.03,4790.75,5108.53,4388.64,3988.76,3695.34,3289.92,2472.94,1363.19,518.17,1309,mesoridazine,@127
373.943,0,3,4.54354,9.72,43.121,1.66266,-5.58957,25,28,39,40,34,32,28,26,25,22,15,0.307185,-0.0649183,-0.00999993,0.146162,0.116701,-0.0169461,-0.0179253,0.149937,0.0400046,-0.0244775,0.0515544,0.0298715,0.00268287,-0.0136456,-0.00545771,-0.00158188,0.000984234,0.0024039,6.57662e-05,-0.000387311,-3.68815e-16,-3.55235e-16,0.25884,-0.0467239,0.0228448,0.115132,0.0604009,-0.0289484,0.050403,0.102451,0.0382788,0.0162514,0.0504965,1888.11,2121.7,2971.83,3039.73,2560.55,2385.64,2087.1,1950.71,1852.31,1616.98,1106.19,461.534,512.599,724.195,696.511,487.132,388.297,276.951,181.8,79.4397,35.1769,47.1519,87.501,0,0,28.9569,33.084,29.9235,0,17.1559,9.01939,0,9.24954,2482.48,2959.51,4208.81,4364.17,3612.17,3101.49,2539.88,2252.22,2044.62,1639.91,1013.72,1304,prochlorperazine,@128
403.969,1,4,3.83789,29.95,45.593,2.975,-5.01523,27,30,41,43,38,35,30,28,27,24,18,0.456147,-0.0970293,-0.036713,0.260206,0.0968292,-0.0469087,0.0945418,0.146142,0.042235,-0.0446123,0.159512,0.0298715,0.00268287,-0.0136456,-0.00545771,-0.00158188,0.000984237,0.00240391,6.57658e-05,-0.000387311,-8.37195e-16,2.49222e-16,0.407803,-0.0788351,-0.00386816,0.229175,0.0405291,-0.0589087,0.162958,0.0993415,0.0455047,0.00575414,0.100169,2056.05,2276.35,3127.85,3264.26,2855.53,2614.2,2238.51,2095.62,1998.91,1779.51,1363.91,472.241,512.599,724.194,702.08,487.132,388.297,282.419,181.961,79.8363,35.9064,63.4071,98.2083,0,0,34.5264,33.0839,29.9233,5.46873,17.3174,9.01934,0,24.7187,2584.69,3075.31,4352.55,4546.34,3806.79,3260.13,2678,2411.62,2240.34,1882.46,1346.55,1305,perphenazine,@129
327.374,2,5,1.88769,62.16,35.29,3.05765,-3.0877,24,27,40,46,40,33,27,21,16,12,8,0.750146,-0.230108,-0.159523,0.355314,0.0557174,0.148787,0.0940353,0.0363996,-0.0129993,-0.00439055,0.191486,0.00790739,0.0012771,-0.00228757,-0.00113612,-0.000754988,0.00177249,0.000742109,-0.00274656,-0.00414292,-0.00049033,0.00252472,0.653397,-0.212557,-0.111573,0.348817,0.0707733,0.139738,0.087539,0.0506943,0.02214,-0.00137682,0.148892,1938.43,2176.43,3159.76,3580.89,3080.6,2551.68,2128.53,1714.38,1378.91,1082.39,734.655,537.371,509.217,669.627,621.346,314.053,281.813,384.797,457.73,409.839,291.35,158.943,75.1532,0,0,36.0295,7.54245,14.6184,7.53795,0,0,18.0195,36.047,1942.22,2376.35,3564.68,3882.97,3197.46,2591.88,2005.36,1463.83,998.095,644.383,354.617,1798,Stepholidine,@130
313.781,1,4,3.40566,36.86,35.317,2.1773,-4.6482,22,25,35,39,35,37,31,20,8,1,0,0.427914,-0.181508,-0.00393695,0.14088,-0.0492397,0.193704,-0.0816326,0.0546957,0.0872543,0.0176831,0,0.0887381,-0.0192593,-0.00567361,-0.0191966,0.0108106,-0.00811236,-0.00206022,-0.000489836,-0.000387718,-3.77036e-17,0,0.548992,-0.2898,0.0941446,0.106146,-0.113594,0.248742,-0.101798,0.0616728,0.0887938,0.0230538,0,1827.67,2083.25,2958.17,3381,2956.36,2990.47,2404.48,1533.8,619.772,69.1132,0,569.443,632.578,906.357,1043.49,787.665,609.471,330.163,201.699,101.519,8.60763,0,75.6263,0,4.87713,12.5085,21.0866,57.6332,0,7.99984,8.46724,0,0,2061.17,2465.79,3525.57,4044.01,3476.42,3269.88,2354.42,1315.83,445.182,52.7075,0,1896,Amoxapine,@131
461.546,1,4,5.60312,35.58,51.853,4.32325,-7.19657,34,38,53,54,49,47,42,40,37,31,28,0.491216,-0.289712,0.242761,0.0162467,0.143288,-0.0633203,0.211549,0.101818,-0.0131274,0.111519,0.0423928,0.188083,0.000286779,-0.0978555,-0.020686,0.0103225,0.0137201,0.00089729,-0.000466513,-0.0012275,-0.00251063,0.00126351,0.757827,-0.34376,0.179545,-0.0884637,0.123833,-0.0219935,0.26383,0.107732,0.00166973,0.102899,-0.0219957,2792.31,3011.01,4167.75,4175.9,3727.78,3528.79,3161.55,3070.94,2830.57,2407.35,2318.09,769.439,789.625,996.417,793.114,522.665,418.484,391.448,318.591,195.977,149.561,291.684,109.492,0,49.6462,0,8.77132,0,12.1859,0,0,16.266,23.844,2772.51,3281.37,4592.35,4597.84,4035.48,3661.95,3203.35,2951.82,2733,2446.53,2326.13,1310,pimozide,@132
275.387,0,1,5.20647,3.24,37.143,1.54129,-5.45613,21,23,31,35,32,29,23,19,14,4,0,0.12849,0.0326805,0.0348183,0.0648386,0.0589549,0.0455268,0.0637397,0.111287,0.0416429,0.0021211,0,0.00831001,0.000525089,-0.000763537,-0.000179001,-0.0034959,-0.00033941,2.6697e-05,7.10541e-05,-3.47831e-16,-6.86551e-17,0,0.142994,0.0282393,0.0240395,0.089228,0.0707622,0.0422267,0.05793,0.0957702,0.0381974,0.00196493,0,1453.53,1614.55,2181.11,2464.23,2216.28,1993.19,1571.05,1292.98,925.512,260.863,0,505.249,570.459,789.91,917.686,718.105,487.454,257.958,150.73,18.3235,0,0,2.64135,0,0,0,0,0,0,0,0,0,0,2216.43,2616.99,3650.19,4239.76,3474.06,2795.37,1879.68,1318.41,794.311,189.519,0,1350,Cyclobenzaprine,@133
477.57,0,4,4.57629,35.91,52.175,4.80218,-6.73263,34,38,54,56,52,50,48,43,35,28,29,0.476177,-0.269157,0.208429,-0.0917035,0.0307822,0.217733,-0.0226605,0.111468,-0.012454,0.0543878,-0.00400105,0.329044,-0.0074323,-0.14169,-0.089509,0.0744847,-0.000816539,0.000317606,0.00184367,-0.0032499,0.000441807,0.0103028,1.04625,-0.432726,0.183617,-0.414699,0.236755,0.308982,-0.0875446,0.127065,-0.0116787,0.0526098,-0.00700293,2916.86,3166.86,4477.83,4585.25,4102.58,3740.36,3767.64,3507.59,2892.82,2350.67,2536.77,917.16,985.664,1341.84,1182.25,774.46,495.923,473.681,418.731,429.509,529.082,797.015,147.381,0,77.1803,0,13.4204,17.9665,0,9.89057,0,16.3299,23.8845,2988.96,3555.66,5035.95,5197.32,4707.03,4320.21,3859.68,3317.89,2801.06,2524.16,2629.8,127,Ritanserin,@134
312.797,2,4,3.1664,39.66,36.52,4.7717,-4.74243,22,25,35,39,35,36,30,20,9,2,0,0.367682,-0.130819,0.0259576,0.114873,0.0840892,0.0758905,0.00275913,0.100747,0.0169224,0.048878,0,0.11336,-0.0169034,-0.0112038,-0.0313497,0.0115233,-0.0088305,-0.000349163,0.000479246,-4.59434e-05,-2.25108e-17,0,0.481007,-0.249331,0.147289,-0.00259061,0.0932392,0.14003,-0.0246368,0.0975903,0.0286945,0.0523517,0,1759.66,2002.15,2832.52,3218.16,2839.42,2780.03,2255.13,1521.72,716.957,162.667,0,531.149,593.558,833.862,937.79,735.382,558.319,350.858,195.917,92.9048,17.9615,0,70.0568,0,4.72992,11.68,24.805,25.8936,22.3129,7.09759,0,8.46257,0,2216.77,2656.32,3800.81,4358.13,3688.38,3394.45,2452.86,1419.21,538.896,106.329,0,125,N-desmethylclozappine,@135
395.427,1,6,2.54087,69.72,41.912,6.74204,-4.6024,29,32,45,48,40,34,32,28,24,22,22,0.648896,-0.393798,0.250585,-0.116145,-0.0529455,0.273892,0.0418161,0.068833,0.10037,-0.177317,0.143177,0.253369,-0.0104258,-0.0954047,-0.0753993,0.0668458,-0.0175016,0.00520135,0.010175,-0.00738957,-0.0414893,0.0529236,1.20876,-0.571921,0.274726,-0.571504,0.147746,0.380859,0.0396149,0.149124,0.109128,-0.471013,0.389588,2682.68,2790.61,3916.67,4309.42,3655.53,2919.15,2730.09,2297.79,1996.62,2009.99,2198.64,781.6,763.943,986.127,958.092,642.785,345.32,131.28,69.7415,178.518,413.202,639.228,114.319,0,69.5079,9.18663,21.987,24.2771,19.8338,0,22.2426,8.19175,42.3579,2094.56,2459.13,3405.87,3460.65,2764.51,2386.46,2203.31,1985.6,1748.28,1599.87,1527.05,609,Ketanserin,@136
328.796,0,5,3.116,40.96,36.443,5.10154,-4.49144,23,26,37,41,36,37,32,23,14,5,2,0.484747,-0.249432,0.0674274,-0.00369174,0.149549,0.042924,-0.0905873,0.166748,-0.0237424,0.0461556,0.00136288,0.121037,-0.0411809,0.0161039,-0.0471184,0.0233785,-0.00717365,-0.00366455,-0.00161013,0.000746503,2.34014e-16,-6.35791e-17,0.725053,-0.46293,0.272634,-0.243915,0.273952,0.076795,-0.158838,0.216731,-0.0381227,0.0488065,0.001448,1972.35,2242.52,3213.63,3652.51,3157.07,3092.96,2582.07,1844.87,1122.16,379.564,153.931,613.331,676.211,963.788,1113.42,849.864,622.684,379.552,227.557,98.2599,18.9184,0,81.2069,0,14.1777,13.1187,37.6774,30.2599,22.3446,21.1243,0,8.91037,0,2084.15,2490.73,3573.37,4069.68,3461.71,3257.6,2505.58,1612.17,844.224,280.262,91.2331,123,Fumarate,@137
407.497,0,3,4.8406,9.72,42.755,1.90148,-5.88558,28,31,45,46,40,38,37,35,34,28,21,0.54609,-0.239655,0.00827978,0.195787,0.000896534,0.0576182,0.0109693,0.115241,-0.101274,0.167158,0.0601939,0.0281172,0.00368641,-0.0120823,-0.00618686,-0.00369947,0.00116622,0.00256822,0.00048915,4.72727e-16,-5.4257e-16,-3.54587e-16,0.499632,-0.226232,0.0130459,0.196913,5.32942e-05,0.0113622,0.0184689,0.101714,-0.109619,0.215162,0.062378,2372.25,2575.81,3791.72,3680.08,3230.75,3092.38,3119.18,2922.57,2788.35,2255.27,1727.09,503.174,481.035,821.999,793.081,599.313,470.444,394.601,275.925,205.526,142.239,46.9854,135.066,0,76.3729,28.9566,7.88576,71.0362,84.4038,17.1561,0,25.4346,9.25165,2472.2,2969.75,4275.79,4497.37,3797.16,3332.86,2893.26,2589.42,2329.73,1812.56,1178.91,124,Trifluoperazine,@138
361.52,1,2,4.85154,23.47,43.615,0.985831,-5.27778,27,31,49,58,51,48,40,30,19,14,8,0.275936,-0.0207707,0.0404951,0.0739509,0.176736,0.160016,0.0677901,0.0574295,0.0569089,0.0602672,0.0426198,9.27654e-05,-5.08917e-05,3.50141e-05,-2.43585e-05,-6.05346e-06,2.87878e-06,-3.41415e-06,4.4213e-07,-1.05685e-17,-1.24615e-17,4.67653e-18,0.275815,-0.0213901,0.0414327,0.0767021,0.17365,0.163385,0.065072,0.058449,0.0554625,0.0603324,0.0425924,1821.75,2114.31,3323.33,3921.83,3458.57,3275.82,2677.66,1987.53,1250.67,908.271,514.168,390.221,376.319,416.915,373.882,344.912,411.125,266.267,131.179,37.1772,36.9596,18.5432,13.8908,0,0,0,5.68991,0,0,0,0,0,0,2708.33,3363.17,5213.77,6109.67,5295.79,4723.46,3592.06,2554.9,1524.23,1021.98,496.585,1302,Butaclamol,@139
315.861,0,1,5.20424,3.24,37.205,0.911998,-5.70494,21,23,32,33,30,28,24,20,14,6,0,0.152463,-0.0100119,0.0233715,0.0538739,0.0125069,0.0417246,0.0079356,0.0702568,0.0764666,0.00389559,0,0.00173912,0.000332595,-0.000742389,-0.000783375,-3.3332e-05,0.00026047,0.000266655,-0.000213929,4.37462e-05,-1.0897e-16,0,0.146183,-0.00789087,0.0266223,0.0514441,0.0167843,0.046095,0.00380651,0.0714895,0.0711589,0.00364946,0,1582.87,1735.82,2422.71,2501.53,2245.98,2084.92,1777.43,1482.49,1023.32,438.084,0,512.452,569.248,826.744,871.469,676.998,494.639,290.132,174.706,61.6744,0,0,62.8008,0,0,0,0,30.0523,0,9.10177,8.72122,0,0,2225.88,2656.95,3794.27,3963.17,3316.86,2723.27,2008.08,1416.33,818.656,278.728,0,1303,chlorprothixene,@140
314.489,1,2,4.00726,19.03,38.691,2.46848,-4.63015,22,25,36,39,38,32,27,19,11,4,0,0.255274,-0.0205125,0.0383439,0.0852925,0.0696075,0.130947,0.0376178,0.0333964,0.0854847,0.00856183,0,0.0691738,0.00597031,-0.0355083,-0.00110387,-0.0039451,9.73986e-16,4.71455e-16,-8.21392e-16,-2.86622e-16,2.22384e-16,0,0.172347,0.00292507,0.0559827,0.124074,0.0926197,0.0714382,0.0641583,0.0501114,0.0421434,0.00674934,0,1508.36,1735.9,2502.79,2669.13,2571.61,2153.27,1832.5,1290.1,754.815,269.281,0,268.236,261.451,335.552,250.761,140.282,51.4599,63.1726,79.4909,71.5517,0,0,37.8637,0,0,0,8.58444,5.16094,0,0,15.4543,0,0,2263.77,2761.03,4127,4341.85,3913.87,3062.46,2328.61,1434.44,722.857,247.243,0,631,Pergolide,@141
434.519,1,3,4.47423,26.71,45.393,2.80515,-5.44176,30,33,47,49,44,41,39,37,36,30,24,0.625579,-0.23722,-0.00985904,0.279478,0.0293845,-0.103787,0.230757,0.0396205,-0.0741643,0.208341,0.0648017,0.00200539,7.576e-05,-0.000197974,-0.000563613,-5.13851e-05,-0.000518087,0.000332747,-8.01449e-05,-6.32927e-17,3.19517e-17,-2.7258e-17,0.621402,-0.244216,0.00737718,0.258938,0.0463133,-0.0943997,0.218779,0.0353881,-0.0631735,0.197784,0.070969,2509.08,2686.11,3875.35,3828.54,3459.62,3266.77,3225.52,3037.02,2916.83,2402.39,1969.16,567.954,537.783,921.314,987.682,778.128,563.491,501.646,289.994,205.398,167.16,65.9444,124.04,0,76.3727,8.36028,0,0,90.2638,9.42146,0,25.4585,9.48678,2637.56,3164.51,4534.67,4801.92,4094.71,3576.09,3096.85,2799.84,2562.3,2079.31,1529.56,1301,flupenthixol,@142
